loan_id,client_id,principal_brl,monthly_rate,term_months,issued_at,status,credit_score_at
LN000001,CLI00572,1549.78,0.0477,48,2023-03-22 08:13:09,Em dia,530
LN000002,CLI01244,7356.22,0.023,24,2024-09-19 19:48:14,Quitado,736
LN000003,CLI01713,12463.71,0.0642,60,2024-06-05 19:44:03,Em dia,730
LN000004,CLI01612,2849.62,0.0408,36,2023-10-20 21:48:34,Atrasado,659
LN000005,CLI02884,8410.13,0.0197,24,2024-03-19 02:36:44,Em dia,749
LN000006,CLI02770,10064.29,0.0609,12,2024-02-05 07:46:06,Em dia,719
LN000007,CLI01871,20431.96,0.063,24,2024-03-18 00:42:55,Atrasado,755
LN000008,CLI02999,3771.11,0.0309,48,2024-04-06 23:34:39,Em dia,595
LN000009,CLI02573,3109.82,0.059,60,2023-03-30 11:44:32,Em dia,701
LN000010,CLI01200,9186.73,0.0502,60,2024-05-26 19:43:24,Em dia,505
LN000011,CLI00257,11280.81,0.0504,36,2024-07-11 03:09:54,Quitado,702
LN000012,CLI01105,4085.08,0.0646,24,2024-07-28 04:13:20,Atrasado,498
LN000013,CLI00208,7341.87,0.0204,36,2023-04-02 02:13:40,Atrasado,678
LN000014,CLI00409,2704.09,0.0465,48,2024-07-16 13:06:28,Em dia,574
LN000015,CLI01804,7137.46,0.0631,12,2024-10-13 01:00:59,Inadimplente,715
LN000016,CLI02619,6537.25,0.0249,24,2024-05-05 22:47:16,Em dia,449
LN000017,CLI00980,45405.88,0.0439,12,2023-09-23 05:09:05,Em dia,634
LN000018,CLI02074,7861.55,0.034,36,2023-08-15 18:56:24,Inadimplente,544
LN000019,CLI01662,6802.62,0.025,12,2023-05-08 19:07:20,Em dia,783
LN000020,CLI01451,3707.85,0.0528,24,2024-06-06 10:59:34,Atrasado,650
LN000021,CLI02792,5766.86,0.0313,12,2023-11-13 13:32:04,Atrasado,723
LN000022,CLI02314,3629.0,0.0209,60,2023-11-15 18:27:18,Em dia,733
LN000023,CLI02264,17394.96,0.0511,60,2023-05-30 15:20:24,Inadimplente,425
LN000024,CLI01263,10169.06,0.055,48,2023-05-01 00:37:09,Atrasado,801
LN000025,CLI01047,11166.01,0.0604,36,2023-04-17 13:31:58,Em dia,774
LN000026,CLI00958,13755.28,0.0593,24,2023-11-16 13:02:27,Em dia,715
LN000027,CLI00574,16914.57,0.0546,48,2023-11-06 03:57:49,Em dia,769
LN000028,CLI02984,17619.44,0.0588,60,2024-05-02 01:22:08,Em dia,820
LN000029,CLI01213,11409.09,0.0643,24,2023-05-08 12:37:47,Em dia,582
LN000030,CLI02306,4811.78,0.0629,12,2024-05-01 21:07:37,Atrasado,673
LN000031,CLI02181,16665.58,0.0229,60,2023-04-13 06:51:01,Em dia,918
LN000032,CLI00601,16824.01,0.0209,24,2023-11-11 01:09:25,Quitado,733
LN000033,CLI00551,617.72,0.0588,12,2023-01-26 16:14:43,Em dia,572
LN000034,CLI02742,11178.89,0.0612,48,2023-04-29 13:33:47,Em dia,665
LN000035,CLI02670,3295.91,0.0582,60,2023-09-06 10:55:06,Atrasado,777
LN000036,CLI02499,1744.01,0.059,48,2023-05-29 01:10:48,Em dia,517
LN000037,CLI02940,13088.26,0.0341,60,2023-07-02 16:29:35,Em dia,729
LN000038,CLI00443,9917.85,0.056,48,2024-04-20 14:06:20,Quitado,640
LN000039,CLI00361,6510.14,0.0257,36,2024-03-04 08:56:16,Em dia,590
LN000040,CLI00394,5419.56,0.021,60,2023-03-30 02:19:24,Em dia,845
LN000041,CLI01398,3030.9,0.0556,24,2023-07-14 15:15:00,Em dia,779
LN000042,CLI00943,4976.72,0.0424,36,2024-01-27 16:11:40,Em dia,734
LN000043,CLI01979,12809.4,0.037,36,2023-07-26 22:32:02,Em dia,581
LN000044,CLI02423,2049.82,0.0558,48,2024-10-01 00:12:16,Atrasado,655
LN000045,CLI02358,7287.48,0.0447,36,2023-04-04 02:15:00,Quitado,550
LN000046,CLI01056,5767.39,0.0416,24,2023-12-10 08:16:55,Em dia,735
LN000047,CLI01749,7761.71,0.047,12,2023-07-01 17:16:29,Inadimplente,812
LN000048,CLI01228,2484.66,0.0235,60,2023-07-07 09:36:20,Em dia,752
LN000049,CLI02400,3886.95,0.05,48,2024-08-20 09:02:11,Em dia,594
LN000050,CLI02732,9250.11,0.0453,24,2024-06-27 18:42:24,Atrasado,475
LN000051,CLI01628,26839.27,0.0297,36,2024-03-26 18:51:22,Em dia,780
LN000052,CLI00534,11820.61,0.0233,36,2023-07-01 11:08:09,Em dia,526
LN000053,CLI00126,29291.27,0.053,48,2024-08-04 04:35:26,Em dia,759
LN000054,CLI01937,16353.53,0.0635,48,2023-06-03 19:42:22,Quitado,730
LN000055,CLI00329,3489.69,0.0475,12,2024-10-31 15:33:28,Em dia,632
LN000056,CLI01351,1358.06,0.0312,60,2024-10-19 12:43:43,Inadimplente,548
LN000057,CLI02174,9275.68,0.0227,12,2023-05-12 11:52:12,Em dia,732
LN000058,CLI01771,2824.24,0.0597,24,2024-03-11 08:17:41,Em dia,606
LN000059,CLI02515,21131.82,0.0263,12,2023-10-29 15:42:59,Quitado,838
LN000060,CLI00513,10047.5,0.0225,48,2024-07-09 15:09:38,Atrasado,673
LN000061,CLI01275,8540.74,0.0442,48,2023-10-05 20:42:20,Quitado,843
LN000062,CLI01049,3985.07,0.0452,12,2023-01-01 13:03:54,Em dia,560
LN000063,CLI02234,2011.13,0.0391,36,2023-09-20 05:49:21,Em dia,637
LN000064,CLI01354,19406.59,0.0509,60,2023-06-10 23:00:58,Em dia,737
LN000065,CLI00826,22178.37,0.0408,36,2024-06-20 13:24:47,Quitado,538
LN000066,CLI02393,6298.29,0.032,24,2023-02-11 01:18:31,Em dia,535
LN000067,CLI00305,3707.61,0.0487,48,2024-04-10 23:28:21,Quitado,781
LN000068,CLI02861,9121.71,0.0411,48,2024-01-27 03:04:10,Quitado,855
LN000069,CLI00464,4783.47,0.0618,12,2023-07-04 09:21:00,Quitado,1000
LN000070,CLI00942,13152.73,0.0348,36,2024-03-21 10:07:17,Em dia,517
LN000071,CLI01463,12991.04,0.0263,36,2024-03-06 14:14:51,Atrasado,654
LN000072,CLI02544,3158.61,0.0351,36,2023-12-07 03:12:36,Em dia,642
LN000073,CLI02151,6907.72,0.0243,60,2023-11-16 11:41:11,Quitado,792
LN000074,CLI02778,2338.85,0.0256,24,2023-02-18 16:18:59,Em dia,641
LN000075,CLI00182,9074.22,0.0366,36,2023-06-19 10:01:18,Em dia,736
LN000076,CLI02163,30550.59,0.0438,36,2023-08-30 00:23:45,Quitado,665
LN000077,CLI00946,3686.41,0.0358,24,2023-12-16 05:18:03,Em dia,535
LN000078,CLI00400,27538.4,0.0621,48,2023-09-14 21:30:49,Quitado,588
LN000079,CLI01116,11140.25,0.047,36,2024-08-02 10:02:16,Em dia,548
LN000080,CLI00052,10948.35,0.0364,60,2023-10-15 17:48:45,Atrasado,661
LN000081,CLI02428,1744.9,0.0373,36,2024-01-03 09:22:01,Quitado,645
LN000082,CLI02164,13886.01,0.0424,60,2023-11-15 10:02:49,Quitado,550
LN000083,CLI00658,20150.23,0.0635,24,2023-05-25 14:07:53,Em dia,589
LN000084,CLI01042,49470.65,0.0388,24,2024-01-24 05:46:45,Em dia,997
LN000085,CLI02540,12183.95,0.0356,36,2023-10-11 23:44:58,Em dia,554
LN000086,CLI01121,26201.4,0.0247,60,2024-05-20 15:25:40,Em dia,755
LN000087,CLI02166,13585.14,0.0575,48,2024-07-02 22:00:56,Em dia,602
LN000088,CLI02813,12435.89,0.0268,24,2023-03-07 11:06:19,Em dia,651
LN000089,CLI02723,2106.87,0.0641,36,2024-06-07 16:25:05,Inadimplente,512
LN000090,CLI00103,5883.0,0.0221,60,2024-10-17 17:18:12,Atrasado,879
LN000091,CLI02456,5458.87,0.0199,24,2023-07-09 16:02:19,Em dia,653
LN000092,CLI01793,9574.73,0.0441,36,2024-08-19 00:38:29,Em dia,671
LN000093,CLI02704,29389.76,0.0556,48,2024-10-04 10:13:21,Em dia,438
LN000094,CLI02970,9518.85,0.0204,36,2024-02-06 07:49:53,Em dia,753
LN000095,CLI00201,9377.52,0.0357,12,2023-03-31 08:59:43,Atrasado,803
LN000096,CLI01938,20934.09,0.0584,36,2023-03-15 17:28:49,Atrasado,585
LN000097,CLI01876,1969.63,0.0596,24,2024-04-24 07:46:23,Quitado,832
LN000098,CLI00528,1527.34,0.0577,48,2024-06-25 12:32:36,Em dia,744
LN000099,CLI00652,20687.87,0.054,24,2023-09-02 01:22:31,Inadimplente,758
LN000100,CLI02019,7986.42,0.0389,36,2023-07-03 01:24:19,Quitado,524
LN000101,CLI02228,6755.32,0.02,12,2023-01-29 20:15:07,Em dia,499
LN000102,CLI00068,13640.76,0.0411,12,2023-11-21 15:32:57,Atrasado,808
LN000103,CLI02240,14645.06,0.0596,36,2023-11-03 02:15:53,Em dia,642
LN000104,CLI02304,997.43,0.0628,24,2023-03-06 03:40:09,Em dia,677
LN000105,CLI02453,608.82,0.0409,24,2024-06-10 06:37:45,Atrasado,769
LN000106,CLI01486,6409.84,0.032,12,2023-06-30 00:09:46,Em dia,648
LN000107,CLI00564,11258.45,0.0322,36,2024-10-07 16:57:48,Em dia,591
LN000108,CLI01762,7158.65,0.0266,12,2024-06-15 22:00:12,Em dia,718
LN000109,CLI01536,6259.97,0.0265,60,2023-11-29 13:37:37,Inadimplente,656
LN000110,CLI01945,2059.8,0.0475,48,2024-07-22 13:13:44,Atrasado,522
LN000111,CLI02872,2993.67,0.0552,12,2023-11-03 10:39:01,Em dia,605
LN000112,CLI02191,16582.83,0.0284,48,2024-02-14 11:20:17,Em dia,626
LN000113,CLI01390,8212.14,0.0456,48,2023-01-25 19:52:11,Atrasado,653
LN000114,CLI02066,3312.94,0.0575,60,2023-06-19 14:41:34,Quitado,680
LN000115,CLI01902,2327.29,0.0295,24,2024-02-26 09:57:48,Em dia,549
LN000116,CLI01509,4098.67,0.0257,60,2024-08-16 16:31:49,Atrasado,537
LN000117,CLI01946,5687.17,0.0576,36,2023-12-28 11:08:13,Em dia,582
LN000118,CLI02886,2017.96,0.0378,48,2024-03-29 20:37:46,Em dia,669
LN000119,CLI02887,12926.42,0.0376,24,2023-03-12 18:56:34,Em dia,700
LN000120,CLI01115,6213.87,0.039,24,2023-02-24 09:48:37,Inadimplente,668
LN000121,CLI02593,9132.33,0.0269,60,2024-09-09 23:58:35,Inadimplente,531
LN000122,CLI01333,4643.43,0.0639,48,2024-01-18 14:01:37,Quitado,481
LN000123,CLI01520,3528.49,0.0263,12,2023-07-24 14:55:58,Atrasado,814
LN000124,CLI01802,11472.2,0.045,24,2024-10-23 02:54:38,Em dia,693
LN000125,CLI01543,9175.36,0.0299,48,2024-07-11 08:16:16,Em dia,653
LN000126,CLI02452,17285.53,0.0447,12,2024-07-09 13:39:25,Em dia,633
LN000127,CLI01773,15199.09,0.034,48,2024-08-15 14:43:49,Em dia,599
LN000128,CLI01989,5593.02,0.0233,24,2024-04-08 15:00:13,Atrasado,608
LN000129,CLI02179,6801.91,0.0303,36,2023-06-30 00:26:08,Quitado,757
LN000130,CLI01234,3456.28,0.0458,24,2023-06-11 22:35:30,Em dia,610
LN000131,CLI01508,7537.09,0.0351,24,2023-04-06 03:12:49,Em dia,448
LN000132,CLI00870,5272.13,0.0312,60,2023-11-21 01:11:47,Em dia,664
LN000133,CLI01196,6898.68,0.0203,48,2023-10-26 14:35:45,Atrasado,675
LN000134,CLI00775,3957.28,0.0379,48,2024-03-26 23:51:30,Em dia,629
LN000135,CLI00686,5924.78,0.027,12,2023-04-14 15:05:59,Em dia,652
LN000136,CLI02534,12977.87,0.048,60,2023-04-21 19:48:41,Inadimplente,508
LN000137,CLI00199,14536.76,0.0301,24,2023-10-22 17:01:35,Em dia,653
LN000138,CLI00427,10127.83,0.0201,60,2023-12-07 01:33:05,Quitado,740
LN000139,CLI02415,17680.83,0.0422,36,2023-03-01 06:44:27,Em dia,466
LN000140,CLI01067,10701.68,0.0392,12,2023-03-10 05:42:12,Quitado,455
LN000141,CLI02232,7125.71,0.0229,60,2023-10-01 02:03:04,Em dia,723
LN000142,CLI00796,10402.62,0.0583,12,2023-10-19 06:56:09,Quitado,685
LN000143,CLI02172,9793.91,0.0532,48,2023-02-01 07:27:49,Em dia,594
LN000144,CLI01016,2965.25,0.0448,48,2023-01-23 13:49:48,Inadimplente,660
LN000145,CLI00974,6093.12,0.0409,36,2024-09-15 03:11:43,Em dia,561
LN000146,CLI00252,15792.32,0.0526,36,2023-05-17 14:24:16,Em dia,780
LN000147,CLI00033,15409.21,0.051,24,2023-03-24 04:34:34,Em dia,818
LN000148,CLI01647,1728.06,0.0564,24,2023-07-18 11:04:21,Em dia,585
LN000149,CLI02438,8227.67,0.0298,12,2023-08-05 08:58:54,Atrasado,438
LN000150,CLI00179,6747.41,0.0215,48,2023-11-08 03:40:33,Em dia,844
LN000151,CLI01261,6449.18,0.0328,60,2023-08-25 12:42:32,Atrasado,607
LN000152,CLI02331,47208.26,0.0648,36,2023-04-02 10:23:48,Em dia,601
LN000153,CLI01610,15814.79,0.0595,24,2024-04-15 22:42:18,Em dia,529
LN000154,CLI01255,2842.89,0.0451,24,2024-06-30 08:39:53,Quitado,776
LN000155,CLI02681,1926.28,0.0362,60,2023-07-10 11:43:35,Em dia,673
LN000156,CLI01403,7550.82,0.0385,12,2023-04-20 14:23:03,Em dia,674
LN000157,CLI01312,19232.23,0.064,24,2023-03-24 13:34:37,Quitado,728
LN000158,CLI02676,46399.39,0.0257,36,2024-04-03 20:14:46,Atrasado,643
LN000159,CLI00518,2712.17,0.0229,24,2024-06-03 19:57:26,Em dia,842
LN000160,CLI02173,8109.57,0.0507,48,2024-02-20 13:17:43,Em dia,603
LN000161,CLI02418,7024.25,0.0589,24,2024-02-15 21:47:07,Em dia,647
LN000162,CLI01604,14595.79,0.0382,24,2024-03-05 14:25:42,Inadimplente,648
LN000163,CLI00450,13924.33,0.0196,24,2023-05-09 00:41:45,Em dia,532
LN000164,CLI00738,8914.55,0.0336,12,2024-05-27 09:16:05,Inadimplente,773
LN000165,CLI00296,3367.7,0.0192,48,2023-10-03 19:29:27,Em dia,461
LN000166,CLI00144,9807.9,0.0543,48,2024-08-28 23:34:28,Quitado,769
LN000167,CLI02926,16059.31,0.0237,60,2023-10-12 13:35:49,Quitado,764
LN000168,CLI02254,8877.6,0.0553,36,2024-01-12 13:55:35,Em dia,678
LN000169,CLI01693,4143.7,0.0412,48,2024-06-09 20:31:08,Em dia,591
LN000170,CLI00338,15223.63,0.0417,48,2023-08-22 02:01:06,Atrasado,590
LN000171,CLI02412,3840.78,0.0345,12,2023-08-19 16:41:46,Quitado,759
LN000172,CLI01027,7859.77,0.0481,24,2023-12-13 03:05:07,Em dia,690
LN000173,CLI01969,7552.27,0.0271,24,2023-02-11 20:58:17,Em dia,608
LN000174,CLI01818,10060.75,0.0528,48,2023-11-18 16:17:53,Quitado,985
LN000175,CLI02765,6725.46,0.0584,60,2023-02-03 00:56:07,Em dia,737
LN000176,CLI01965,5066.84,0.0361,24,2023-03-08 19:08:35,Quitado,621
LN000177,CLI00571,3312.5,0.0318,60,2023-02-22 09:09:06,Atrasado,482
LN000178,CLI00650,7335.99,0.0339,24,2024-10-20 18:28:24,Atrasado,503
LN000179,CLI01265,14124.07,0.0549,60,2023-06-23 10:09:26,Em dia,654
LN000180,CLI00181,6154.41,0.0484,12,2023-09-05 19:30:15,Em dia,807
LN000181,CLI02517,16801.96,0.0628,48,2023-04-26 02:49:00,Quitado,679
LN000182,CLI00189,1643.51,0.0348,24,2024-04-19 15:50:22,Inadimplente,443
LN000183,CLI02775,12419.83,0.042,48,2023-07-08 11:01:43,Inadimplente,639
LN000184,CLI01881,5588.86,0.0397,12,2024-04-24 07:19:22,Em dia,644
LN000185,CLI02982,3084.79,0.0642,48,2023-05-26 12:49:06,Em dia,649
LN000186,CLI01566,4000.14,0.0385,36,2023-11-08 17:27:34,Inadimplente,636
LN000187,CLI00045,11597.16,0.022,24,2023-03-24 23:05:55,Em dia,736
LN000188,CLI01789,17957.17,0.0614,60,2024-10-18 06:45:24,Em dia,827
LN000189,CLI01440,9755.69,0.0274,48,2024-08-16 18:31:36,Em dia,518
LN000190,CLI01531,20742.73,0.0642,36,2024-10-12 07:30:18,Em dia,783
LN000191,CLI01627,12132.54,0.0217,12,2023-02-09 12:29:41,Quitado,685
LN000192,CLI01260,3640.65,0.0592,24,2023-09-12 21:44:33,Em dia,651
LN000193,CLI01037,17636.26,0.0558,60,2024-03-14 05:09:19,Em dia,563
LN000194,CLI01253,7554.06,0.0246,36,2024-07-09 01:11:55,Inadimplente,656
LN000195,CLI00262,9394.91,0.0197,36,2023-04-05 09:19:40,Em dia,581
LN000196,CLI00540,2103.04,0.038,48,2024-09-25 15:56:26,Em dia,732
LN000197,CLI00919,12963.37,0.0517,36,2024-01-26 02:08:21,Atrasado,444
LN000198,CLI02991,8972.99,0.0194,60,2024-06-16 08:05:58,Quitado,520
LN000199,CLI00960,2632.28,0.0516,12,2023-05-15 09:21:41,Atrasado,507
LN000200,CLI01479,11784.49,0.048,60,2024-03-17 08:27:54,Atrasado,669
LN000201,CLI00913,632.08,0.0193,36,2023-05-26 09:47:54,Quitado,670
LN000202,CLI01195,5376.72,0.0621,60,2024-10-07 01:54:45,Inadimplente,578
LN000203,CLI03000,29280.69,0.0447,24,2023-08-01 12:19:26,Em dia,682
LN000204,CLI02947,21839.38,0.0579,12,2023-11-09 14:27:56,Em dia,726
LN000205,CLI01573,10615.15,0.0257,60,2024-05-29 13:23:43,Quitado,449
LN000206,CLI02840,7014.74,0.0548,24,2023-07-01 02:27:50,Atrasado,826
LN000207,CLI00776,3407.71,0.0193,12,2024-04-22 10:49:04,Atrasado,639
LN000208,CLI00801,37122.3,0.0292,36,2024-08-17 18:16:55,Em dia,736
LN000209,CLI01840,3875.0,0.0268,24,2024-05-16 10:12:21,Inadimplente,520
LN000210,CLI00031,2899.07,0.0479,48,2024-07-25 11:57:34,Em dia,777
LN000211,CLI01650,23962.25,0.0541,12,2024-02-15 11:22:07,Atrasado,763
LN000212,CLI00470,2551.78,0.0513,24,2024-10-24 05:15:09,Em dia,508
LN000213,CLI00961,15543.44,0.0433,36,2024-01-03 12:52:49,Quitado,641
LN000214,CLI02857,21222.41,0.0562,48,2023-06-06 15:28:25,Em dia,677
LN000215,CLI00727,2342.55,0.0295,36,2024-04-18 23:38:51,Atrasado,771
LN000216,CLI02541,5096.17,0.0613,36,2023-04-02 22:24:43,Quitado,583
LN000217,CLI02557,1706.45,0.0276,60,2023-12-09 11:27:46,Atrasado,763
LN000218,CLI01453,5050.93,0.039,60,2023-12-26 23:54:49,Em dia,589
LN000219,CLI01890,15536.33,0.0235,60,2023-08-01 03:08:19,Quitado,552
LN000220,CLI01484,3173.32,0.0463,36,2023-07-16 20:24:04,Em dia,634
LN000221,CLI00303,9632.83,0.0314,12,2023-05-20 20:28:47,Quitado,582
LN000222,CLI01886,2996.37,0.0422,12,2023-09-21 04:00:39,Em dia,808
LN000223,CLI00165,17331.18,0.0332,60,2024-01-03 13:26:47,Em dia,668
LN000224,CLI00417,6835.38,0.0211,12,2024-02-21 02:04:37,Em dia,846
LN000225,CLI02749,6660.92,0.0274,48,2024-02-28 14:39:40,Em dia,813
LN000226,CLI01318,12146.54,0.0406,36,2024-01-14 16:24:07,Inadimplente,508
LN000227,CLI01231,14450.51,0.0192,24,2023-10-03 10:46:45,Em dia,652
LN000228,CLI01618,7348.64,0.0275,36,2024-10-31 13:55:21,Em dia,732
LN000229,CLI02545,11733.77,0.0182,36,2023-07-18 19:16:01,Inadimplente,715
LN000230,CLI02598,6240.33,0.0362,48,2023-02-03 12:33:22,Em dia,810
LN000231,CLI01328,15794.41,0.0343,12,2023-04-06 19:09:25,Em dia,819
LN000232,CLI00074,27354.78,0.0558,60,2024-09-09 16:58:32,Atrasado,803
LN000233,CLI00575,8129.21,0.0185,24,2023-05-31 22:27:17,Em dia,641
LN000234,CLI02318,8564.28,0.0495,24,2023-02-26 06:16:59,Em dia,678
LN000235,CLI00216,2449.85,0.0497,60,2024-09-26 14:53:00,Inadimplente,627
LN000236,CLI02231,20169.41,0.0559,36,2024-10-29 09:01:02,Quitado,592
LN000237,CLI00064,8436.44,0.0353,12,2023-05-08 11:48:27,Inadimplente,848
LN000238,CLI01545,15184.72,0.0471,12,2023-09-05 01:42:51,Em dia,730
LN000239,CLI00995,14011.87,0.0366,24,2023-02-18 00:16:20,Em dia,851
LN000240,CLI00325,3594.6,0.0288,48,2023-10-25 00:27:15,Em dia,664
LN000241,CLI00046,1480.87,0.04,24,2023-12-01 17:01:39,Em dia,749
LN000242,CLI01150,6336.67,0.0629,48,2023-02-18 03:42:12,Em dia,780
LN000243,CLI02823,7505.85,0.041,36,2023-09-27 16:57:26,Em dia,786
LN000244,CLI02893,13494.92,0.0388,48,2024-03-17 19:19:32,Em dia,779
LN000245,CLI02870,7486.45,0.0281,24,2024-07-09 02:30:04,Atrasado,657
LN000246,CLI02845,10785.81,0.0335,36,2024-10-04 04:02:51,Atrasado,642
LN000247,CLI00081,7258.72,0.0312,36,2023-05-14 14:43:58,Quitado,634
LN000248,CLI02470,3419.69,0.0244,60,2024-09-14 09:53:49,Atrasado,570
LN000249,CLI02500,18561.24,0.0397,24,2023-10-17 01:00:10,Em dia,501
LN000250,CLI01956,9882.42,0.0222,48,2023-03-31 13:07:32,Quitado,730
LN000251,CLI00094,2245.36,0.0554,48,2023-09-28 13:00:09,Em dia,765
LN000252,CLI01623,7389.92,0.0248,60,2024-05-18 23:19:15,Em dia,704
LN000253,CLI02235,8743.87,0.0295,24,2023-08-30 15:45:41,Em dia,672
LN000254,CLI02268,10401.0,0.0544,12,2024-07-05 03:56:05,Quitado,530
LN000255,CLI01642,15623.7,0.0388,36,2024-07-31 00:36:39,Quitado,783
LN000256,CLI02229,9407.27,0.0195,12,2023-01-02 01:18:58,Atrasado,614
LN000257,CLI00758,26768.74,0.0513,60,2024-09-03 04:38:44,Atrasado,793
LN000258,CLI01488,4677.62,0.0583,60,2023-12-21 21:41:19,Quitado,535
LN000259,CLI00678,35147.79,0.0617,24,2023-05-28 12:33:39,Quitado,549
LN000260,CLI01585,10272.74,0.0413,48,2023-11-05 01:13:58,Em dia,696
LN000261,CLI00339,9180.63,0.0318,60,2023-08-13 18:00:48,Atrasado,719
LN000262,CLI01372,7243.88,0.0472,12,2024-08-05 23:42:43,Em dia,639
LN000263,CLI00467,7912.25,0.0601,24,2023-12-08 09:35:35,Em dia,802
LN000264,CLI01061,15694.78,0.0265,24,2024-01-26 12:52:37,Atrasado,640
LN000265,CLI01622,1145.23,0.0498,36,2024-02-09 21:32:36,Inadimplente,735
LN000266,CLI01598,5939.31,0.0333,48,2023-02-25 00:26:07,Atrasado,651
LN000267,CLI00245,4698.98,0.0321,48,2023-03-25 23:45:43,Inadimplente,707
LN000268,CLI01847,17184.36,0.0239,12,2024-07-23 16:52:34,Em dia,539
LN000269,CLI02665,8944.79,0.049,48,2024-02-06 06:17:11,Em dia,716
LN000270,CLI01068,93692.09,0.0623,36,2023-02-22 09:37:02,Em dia,776
LN000271,CLI00928,23143.89,0.05,48,2023-09-24 20:28:51,Atrasado,658
LN000272,CLI01858,15500.62,0.0438,12,2024-09-20 07:09:30,Inadimplente,774
LN000273,CLI02563,20780.12,0.0291,60,2024-08-18 20:17:35,Quitado,685
LN000274,CLI01530,7280.31,0.0476,48,2023-07-23 00:50:59,Quitado,601
LN000275,CLI01518,2794.64,0.0208,60,2023-01-04 02:14:57,Atrasado,665
LN000276,CLI02405,14057.01,0.0296,48,2023-11-28 10:30:22,Inadimplente,609
LN000277,CLI01435,9634.92,0.0629,12,2024-02-04 15:22:05,Em dia,682
LN000278,CLI02290,2572.62,0.0246,60,2024-10-04 19:51:33,Em dia,599
LN000279,CLI01914,2956.55,0.0378,24,2024-02-05 02:35:53,Em dia,775
LN000280,CLI02416,6458.22,0.0322,24,2023-04-15 22:31:57,Em dia,624
LN000281,CLI00502,11974.55,0.0508,12,2023-02-18 07:29:47,Em dia,780
LN000282,CLI00848,7609.19,0.0586,48,2023-10-13 10:00:03,Em dia,416
LN000283,CLI00375,6489.56,0.0442,24,2024-09-21 03:31:36,Em dia,764
LN000284,CLI00542,6542.56,0.0211,48,2023-01-16 18:47:44,Inadimplente,644
LN000285,CLI02417,7750.25,0.0632,24,2023-01-17 19:08:09,Em dia,551
LN000286,CLI00373,9012.26,0.0474,36,2023-06-19 08:20:51,Em dia,764
LN000287,CLI01216,24984.73,0.0477,60,2023-08-15 19:06:33,Quitado,644
LN000288,CLI00685,15029.08,0.0473,24,2023-02-17 18:23:56,Quitado,645
LN000289,CLI01082,12656.02,0.0553,36,2024-03-07 20:40:27,Atrasado,582
LN000290,CLI02720,10793.21,0.0522,24,2024-05-18 03:30:03,Atrasado,495
LN000291,CLI00609,3335.43,0.0555,48,2024-04-14 08:32:28,Inadimplente,809
LN000292,CLI00889,4233.51,0.0594,24,2023-12-01 01:50:36,Quitado,511
LN000293,CLI00858,2322.08,0.055,24,2023-12-19 04:18:04,Em dia,739
LN000294,CLI01369,2064.78,0.0593,12,2023-01-17 03:37:17,Em dia,654
LN000295,CLI02797,3098.62,0.0641,12,2023-01-29 19:01:15,Quitado,627
LN000296,CLI02002,16156.71,0.0464,48,2024-07-19 22:09:54,Atrasado,760
LN000297,CLI01457,14812.9,0.0389,36,2023-11-25 08:56:53,Em dia,615
LN000298,CLI00945,15507.73,0.023,12,2024-03-24 08:17:39,Em dia,624
LN000299,CLI00714,5281.9,0.0427,48,2023-01-18 04:42:34,Inadimplente,800
LN000300,CLI02564,6534.62,0.0491,12,2023-05-12 02:38:58,Em dia,576
LN000301,CLI00843,4807.16,0.0422,48,2023-09-28 20:12:57,Inadimplente,678
LN000302,CLI02958,13338.43,0.0533,48,2023-03-10 02:11:18,Quitado,783
LN000303,CLI02427,8505.88,0.0288,36,2023-12-30 08:09:18,Atrasado,752
LN000304,CLI02657,8101.43,0.0599,12,2023-10-06 15:44:43,Atrasado,683
LN000305,CLI01507,10978.64,0.06,12,2023-03-11 23:22:58,Em dia,631
LN000306,CLI02054,14380.67,0.0482,12,2023-10-25 16:08:14,Em dia,687
LN000307,CLI00071,10228.54,0.0296,24,2024-06-15 20:10:41,Em dia,903
LN000308,CLI00418,5432.93,0.0441,24,2023-04-13 21:55:57,Em dia,800
LN000309,CLI00439,32574.9,0.0213,24,2024-06-24 18:48:15,Atrasado,548
LN000310,CLI00328,11940.97,0.0475,12,2024-08-24 03:04:37,Em dia,656
LN000311,CLI00057,19174.31,0.0393,24,2024-07-06 07:25:10,Em dia,469
LN000312,CLI02959,19474.7,0.0378,12,2024-04-30 22:03:44,Em dia,634
LN000313,CLI00588,5845.87,0.0526,60,2024-10-24 23:11:10,Inadimplente,499
LN000314,CLI00486,17000.42,0.0385,12,2024-03-01 12:25:36,Em dia,853
LN000315,CLI01724,4101.14,0.0312,12,2023-09-03 13:02:12,Atrasado,538
LN000316,CLI00316,2194.81,0.0581,24,2024-01-27 19:40:54,Atrasado,798
LN000317,CLI01791,6138.79,0.0466,12,2023-08-04 15:42:46,Em dia,520
LN000318,CLI00823,10140.71,0.0614,24,2024-09-03 15:50:22,Inadimplente,556
LN000319,CLI00824,13821.74,0.0271,12,2024-04-08 00:50:32,Atrasado,699
LN000320,CLI02475,3145.52,0.0321,36,2023-01-13 01:42:09,Quitado,595
LN000321,CLI02044,3510.64,0.037,60,2024-08-21 18:30:11,Em dia,509
LN000322,CLI01285,9695.08,0.0589,36,2024-01-19 09:02:40,Quitado,736
LN000323,CLI00331,4955.15,0.0235,36,2024-01-13 19:02:57,Em dia,472
LN000324,CLI01538,7887.45,0.042,24,2023-04-26 06:45:31,Em dia,475
LN000325,CLI02095,5998.2,0.0188,48,2024-09-02 01:01:16,Atrasado,725
LN000326,CLI02208,5883.9,0.0283,12,2023-11-23 00:27:40,Em dia,515
LN000327,CLI01139,6123.83,0.0231,48,2024-10-10 00:18:09,Em dia,698
LN000328,CLI02289,3813.66,0.038,12,2023-07-07 23:17:54,Inadimplente,768
LN000329,CLI00856,8754.51,0.0344,48,2024-08-08 23:10:38,Atrasado,644
LN000330,CLI00754,1588.23,0.0528,12,2023-08-30 09:00:40,Em dia,682
LN000331,CLI01915,5400.61,0.0361,48,2024-04-01 15:12:12,Inadimplente,532
LN000332,CLI02169,12574.14,0.0182,36,2023-11-05 12:52:11,Em dia,731
LN000333,CLI02987,7656.52,0.0477,12,2023-09-27 19:03:35,Em dia,679
LN000334,CLI02625,6554.85,0.0589,60,2024-09-16 01:47:13,Em dia,480
LN000335,CLI00121,11438.52,0.0577,36,2023-06-13 05:38:41,Atrasado,658
LN000336,CLI01540,5428.72,0.06,48,2024-10-03 21:40:54,Em dia,898
LN000337,CLI02820,3971.8,0.0476,12,2024-03-27 05:34:51,Quitado,743
LN000338,CLI01487,27886.42,0.0199,24,2023-04-14 03:56:02,Em dia,464
LN000339,CLI01951,7391.09,0.0265,24,2023-06-28 07:37:09,Quitado,614
LN000340,CLI00505,3318.13,0.0508,36,2024-06-28 09:30:15,Em dia,437
LN000341,CLI02226,10037.69,0.0194,60,2023-11-11 14:35:49,Em dia,714
LN000342,CLI00238,6749.6,0.03,36,2023-06-24 01:58:39,Em dia,622
LN000343,CLI00539,9226.53,0.0482,48,2024-04-15 14:02:13,Atrasado,640
LN000344,CLI00562,2905.5,0.0211,36,2024-08-08 07:07:59,Em dia,738
LN000345,CLI00112,3724.57,0.0221,60,2024-04-16 03:49:35,Em dia,727
LN000346,CLI01096,6201.07,0.0194,60,2024-07-21 15:27:01,Inadimplente,648
LN000347,CLI00223,14268.89,0.029,12,2024-10-03 21:29:37,Quitado,549
LN000348,CLI00579,6671.89,0.0223,12,2024-02-01 07:23:40,Em dia,799
LN000349,CLI00437,6488.95,0.0547,48,2023-03-17 02:51:37,Atrasado,677
LN000350,CLI00514,6461.84,0.0608,60,2024-07-07 14:46:36,Atrasado,533
LN000351,CLI01074,42278.04,0.0354,60,2024-10-02 03:11:30,Em dia,778
LN000352,CLI01763,8353.54,0.0191,60,2024-07-30 19:54:45,Inadimplente,453
LN000353,CLI00702,10326.13,0.0645,12,2023-10-07 17:26:34,Em dia,793
LN000354,CLI02441,2385.05,0.0273,36,2023-03-26 21:20:01,Em dia,806
LN000355,CLI00492,6144.56,0.0633,24,2024-05-20 03:34:04,Em dia,735
LN000356,CLI02371,10162.23,0.0417,24,2023-04-21 09:23:37,Quitado,878
LN000357,CLI01237,12850.13,0.0369,12,2023-07-28 18:32:26,Inadimplente,567
LN000358,CLI01085,19840.64,0.0427,24,2023-06-29 08:19:47,Atrasado,919
LN000359,CLI01125,4741.94,0.0258,60,2023-12-15 11:31:13,Quitado,750
LN000360,CLI01567,4569.85,0.0225,12,2023-02-13 07:55:22,Em dia,710
LN000361,CLI00485,10328.3,0.0531,36,2024-07-05 01:43:07,Quitado,676
LN000362,CLI02167,5023.55,0.0209,12,2024-01-22 01:50:28,Em dia,572
LN000363,CLI00619,24608.2,0.0252,60,2023-01-31 14:01:43,Em dia,743
LN000364,CLI02256,1961.1,0.0237,12,2024-08-05 22:00:35,Em dia,946
LN000365,CLI02088,16241.63,0.0608,12,2023-11-04 12:20:53,Atrasado,587
LN000366,CLI01127,13451.7,0.0518,12,2023-11-06 20:08:17,Quitado,684
LN000367,CLI00030,11370.84,0.0503,12,2024-02-23 19:36:46,Em dia,945
LN000368,CLI01991,5349.7,0.0302,12,2023-12-09 01:27:42,Quitado,701
LN000369,CLI00968,2544.08,0.0191,12,2024-09-20 05:19:00,Quitado,742
LN000370,CLI02758,4218.91,0.0355,60,2024-05-01 17:44:32,Em dia,502
LN000371,CLI02806,8014.86,0.0459,36,2024-09-22 07:23:02,Quitado,662
LN000372,CLI00948,7540.38,0.0236,12,2023-01-26 12:54:04,Quitado,472
LN000373,CLI00188,31370.63,0.0463,12,2023-10-27 14:14:34,Inadimplente,613
LN000374,CLI01044,10711.23,0.039,48,2023-03-16 12:31:15,Em dia,598
LN000375,CLI00193,7458.06,0.0486,36,2024-08-20 04:52:35,Em dia,570
LN000376,CLI00174,38167.06,0.0463,60,2024-07-08 19:00:03,Em dia,499
LN000377,CLI01173,5456.22,0.052,36,2023-09-16 08:16:15,Quitado,744
LN000378,CLI00044,13189.27,0.0235,12,2024-02-19 23:04:09,Inadimplente,765
LN000379,CLI00088,13298.12,0.0579,24,2023-04-25 16:20:07,Em dia,509
LN000380,CLI02162,3853.37,0.0625,12,2023-12-26 03:16:44,Em dia,635
LN000381,CLI00820,28604.93,0.036,48,2023-02-01 20:39:21,Atrasado,532
LN000382,CLI00289,10750.76,0.0271,48,2024-03-26 07:57:28,Em dia,524
LN000383,CLI02369,4808.56,0.0506,48,2024-10-27 02:58:40,Quitado,488
LN000384,CLI00535,8573.94,0.0503,60,2023-01-11 09:14:52,Quitado,429
LN000385,CLI02192,5667.48,0.0427,12,2023-01-24 17:22:58,Em dia,627
LN000386,CLI00854,6128.96,0.0339,12,2023-01-23 18:42:45,Em dia,656
LN000387,CLI01767,4806.12,0.0272,60,2024-04-12 10:56:10,Inadimplente,715
LN000388,CLI00704,9762.51,0.0438,36,2023-11-06 16:03:56,Atrasado,613
LN000389,CLI01993,3313.85,0.0488,36,2024-08-16 14:29:36,Em dia,603
LN000390,CLI02036,2181.51,0.0306,60,2023-04-08 21:01:08,Em dia,620
LN000391,CLI02451,1997.08,0.0563,60,2023-09-14 21:30:30,Quitado,590
LN000392,CLI00152,14547.18,0.019,24,2023-02-19 12:52:46,Em dia,568
LN000393,CLI01029,6401.52,0.057,12,2023-11-19 23:52:35,Atrasado,701
LN000394,CLI02920,4999.74,0.053,36,2023-11-20 02:09:11,Em dia,814
LN000395,CLI02391,13728.87,0.0284,60,2024-09-09 21:19:05,Atrasado,590
LN000396,CLI01406,12689.85,0.0296,12,2024-08-10 20:18:43,Em dia,675
LN000397,CLI02601,4208.82,0.062,60,2023-11-17 23:15:57,Em dia,564
LN000398,CLI02249,5712.2,0.0531,36,2024-05-14 02:20:17,Quitado,713
LN000399,CLI00136,7163.49,0.0305,12,2023-05-18 15:21:37,Em dia,799
LN000400,CLI02644,13382.06,0.0437,24,2024-04-14 07:22:31,Inadimplente,561
LN000401,CLI00478,5793.48,0.0323,48,2024-03-13 06:37:32,Inadimplente,573
LN000402,CLI00772,15943.07,0.0636,12,2023-08-21 15:57:44,Em dia,752
LN000403,CLI02436,9482.3,0.0278,24,2023-03-28 13:34:35,Quitado,686
LN000404,CLI01850,14293.84,0.0402,36,2024-03-11 11:47:28,Em dia,614
LN000405,CLI02375,8169.74,0.059,36,2024-07-18 01:55:50,Quitado,482
LN000406,CLI01015,2419.31,0.0243,24,2024-10-25 19:37:22,Em dia,808
LN000407,CLI02589,5154.4,0.0569,36,2023-08-14 15:05:19,Em dia,821
LN000408,CLI01855,13612.66,0.0415,36,2023-05-01 22:22:31,Atrasado,670
LN000409,CLI02667,7342.39,0.0328,60,2024-01-17 02:49:52,Quitado,662
LN000410,CLI01698,31887.1,0.058,36,2023-02-17 22:09:58,Inadimplente,765
LN000411,CLI00859,5442.64,0.0332,60,2024-02-19 23:43:52,Em dia,544
LN000412,CLI01975,9393.71,0.0538,48,2024-02-01 23:02:51,Atrasado,471
LN000413,CLI00226,9046.31,0.0551,24,2023-08-02 06:56:16,Em dia,569
LN000414,CLI01865,38740.73,0.0219,24,2023-07-28 03:10:43,Em dia,810
LN000415,CLI01320,6840.26,0.0612,48,2024-04-28 13:48:48,Em dia,577
LN000416,CLI00659,3543.92,0.0618,12,2023-07-06 19:09:36,Inadimplente,708
LN000417,CLI00845,10723.33,0.056,36,2023-07-05 14:56:49,Quitado,896
LN000418,CLI02141,25508.48,0.035,36,2024-04-28 13:17:51,Inadimplente,507
LN000419,CLI00177,4626.69,0.0509,24,2023-11-06 19:38:41,Atrasado,680
LN000420,CLI00811,5384.17,0.0634,60,2024-10-31 04:18:27,Atrasado,691
LN000421,CLI01467,1436.3,0.0617,48,2024-09-26 15:42:30,Em dia,609
LN000422,CLI02082,10428.06,0.0438,12,2023-05-06 17:54:47,Quitado,773
LN000423,CLI01939,5038.49,0.0317,60,2023-05-30 09:21:27,Atrasado,703
LN000424,CLI01839,730.07,0.0196,12,2024-03-19 10:00:09,Em dia,769
LN000425,CLI02307,13911.45,0.0499,48,2024-08-11 18:14:47,Em dia,596
LN000426,CLI01527,16257.74,0.0221,48,2023-12-19 12:12:54,Em dia,596
LN000427,CLI01995,4372.29,0.0526,12,2024-08-15 20:20:40,Inadimplente,744
LN000428,CLI00321,1619.99,0.0246,24,2023-11-13 16:00:01,Em dia,734
LN000429,CLI00155,12620.52,0.0525,12,2024-09-12 06:28:50,Em dia,730
LN000430,CLI00550,5983.34,0.0633,48,2024-10-17 23:37:16,Em dia,551
LN000431,CLI01571,9515.87,0.0493,12,2024-03-20 03:34:37,Quitado,622
LN000432,CLI00430,10121.81,0.0458,60,2024-02-26 03:03:59,Em dia,614
LN000433,CLI00279,11037.58,0.0401,60,2024-08-18 12:34:40,Inadimplente,539
LN000434,CLI00277,4656.5,0.0224,60,2024-09-05 07:22:09,Em dia,525
LN000435,CLI01254,17562.46,0.0477,24,2024-05-12 00:47:16,Em dia,681
LN000436,CLI01232,8236.89,0.0458,24,2024-04-23 01:12:06,Quitado,599
LN000437,CLI01344,8089.41,0.0261,60,2024-03-01 16:04:04,Em dia,607
LN000438,CLI00645,4608.92,0.041,48,2024-06-01 20:01:02,Atrasado,580
LN000439,CLI00446,13384.14,0.0478,12,2023-06-09 18:21:09,Atrasado,752
LN000440,CLI00766,17253.39,0.0548,24,2024-03-14 14:01:20,Inadimplente,607
LN000441,CLI02092,3909.06,0.0429,36,2023-01-10 02:18:35,Atrasado,795
LN000442,CLI01284,5330.14,0.0345,12,2023-06-20 12:36:14,Em dia,490
LN000443,CLI00746,6461.11,0.0626,24,2023-08-24 17:40:35,Em dia,811
LN000444,CLI02661,11775.76,0.0269,24,2023-01-16 22:00:01,Em dia,712
LN000445,CLI02591,9382.55,0.0261,60,2024-06-21 06:18:42,Inadimplente,719
LN000446,CLI01854,16255.19,0.0612,36,2023-04-12 12:20:42,Quitado,776
LN000447,CLI00264,13873.96,0.0463,36,2023-02-03 23:12:25,Quitado,681
LN000448,CLI01913,5735.24,0.036,36,2024-04-25 08:16:22,Em dia,728
LN000449,CLI00141,5590.92,0.0341,60,2024-05-03 00:13:17,Em dia,599
LN000450,CLI01156,4246.18,0.0315,60,2023-07-26 19:28:10,Em dia,716
LN000451,CLI02880,4642.63,0.0274,12,2023-07-02 09:37:07,Em dia,614
LN000452,CLI01883,10028.13,0.0532,60,2024-10-29 12:24:40,Quitado,502
LN000453,CLI02590,8327.77,0.023,60,2023-02-12 02:18:48,Quitado,688
LN000454,CLI00260,26046.68,0.0649,12,2023-08-14 07:33:30,Atrasado,474
LN000455,CLI02722,7595.39,0.0295,24,2023-03-18 07:44:16,Quitado,671
LN000456,CLI01807,5498.4,0.0481,24,2023-10-05 16:26:18,Inadimplente,403
LN000457,CLI01780,12233.83,0.035,48,2024-09-25 08:53:50,Em dia,420
LN000458,CLI01052,14427.4,0.055,48,2023-05-20 22:38:58,Quitado,653
LN000459,CLI00172,6587.19,0.0273,12,2023-09-28 15:43:34,Em dia,700
LN000460,CLI02327,5160.21,0.0184,60,2024-07-07 10:22:58,Em dia,737
LN000461,CLI02096,24057.34,0.0188,36,2024-01-08 04:49:17,Inadimplente,789
LN000462,CLI02869,2847.84,0.0585,24,2023-08-20 11:31:08,Em dia,622
LN000463,CLI01475,6766.43,0.0602,60,2024-06-01 02:50:08,Quitado,737
LN000464,CLI00298,99178.6,0.0372,60,2023-05-23 13:04:51,Em dia,688
LN000465,CLI00825,9985.09,0.028,48,2023-09-25 03:24:31,Em dia,866
LN000466,CLI00457,4319.92,0.0469,60,2024-09-10 04:40:17,Em dia,560
LN000467,CLI00440,20288.18,0.0216,24,2024-02-04 02:39:40,Atrasado,440
LN000468,CLI01411,31935.93,0.0386,24,2023-08-10 17:22:52,Em dia,682
LN000469,CLI00927,18481.27,0.0309,36,2023-11-08 09:46:09,Em dia,700
LN000470,CLI01482,4141.03,0.0624,24,2023-06-05 18:50:47,Em dia,649
LN000471,CLI00415,9519.48,0.03,12,2024-01-01 08:28:51,Em dia,415
LN000472,CLI01359,6398.6,0.0635,24,2023-09-26 11:27:11,Em dia,798
LN000473,CLI02600,4225.6,0.0348,12,2023-10-26 14:21:38,Quitado,670
LN000474,CLI00137,4264.08,0.0316,12,2024-08-15 16:01:23,Inadimplente,528
LN000475,CLI02951,2916.53,0.0256,24,2024-02-14 04:31:07,Em dia,542
LN000476,CLI02233,5916.07,0.0607,36,2024-06-19 11:16:17,Em dia,616
LN000477,CLI02403,14268.49,0.0206,60,2023-07-22 07:38:29,Atrasado,751
LN000478,CLI00374,2686.2,0.0545,48,2024-06-24 13:44:54,Em dia,479
LN000479,CLI01504,9571.48,0.0394,48,2024-04-23 18:19:03,Em dia,490
LN000480,CLI01421,7209.83,0.02,12,2023-03-19 21:35:06,Quitado,704
LN000481,CLI02274,7475.21,0.0311,48,2024-03-21 10:01:27,Quitado,465
LN000482,CLI02121,4003.39,0.0428,48,2023-11-14 13:28:22,Atrasado,815
LN000483,CLI00709,10592.65,0.0373,60,2023-09-01 11:21:28,Atrasado,670
LN000484,CLI02349,31042.45,0.0556,48,2023-11-17 12:15:17,Quitado,766
LN000485,CLI02526,11940.21,0.0569,60,2024-08-08 04:37:01,Quitado,689
LN000486,CLI00493,11666.34,0.0369,24,2023-04-16 02:12:20,Atrasado,708
LN000487,CLI02551,5322.65,0.045,36,2023-06-28 00:01:34,Quitado,579
LN000488,CLI02468,8486.15,0.0547,48,2023-07-26 09:31:32,Atrasado,652
LN000489,CLI00894,9369.53,0.0358,48,2023-06-01 18:51:20,Em dia,499
LN000490,CLI02020,3010.08,0.0589,60,2023-03-19 02:22:13,Em dia,856
LN000491,CLI01589,10752.25,0.0254,24,2023-03-23 14:42:19,Em dia,695
LN000492,CLI00215,5558.34,0.0483,12,2023-06-02 08:40:21,Quitado,785
LN000493,CLI02159,4952.25,0.0493,24,2023-03-19 09:14:20,Em dia,679
LN000494,CLI02846,8289.52,0.033,36,2024-09-24 05:55:46,Em dia,613
LN000495,CLI02133,31170.66,0.0182,60,2024-03-26 03:58:51,Atrasado,758
LN000496,CLI02024,2473.24,0.0627,24,2024-09-23 06:54:44,Quitado,847
LN000497,CLI00372,16183.39,0.0502,48,2023-05-21 22:55:23,Em dia,672
LN000498,CLI00421,6315.52,0.056,60,2024-07-09 10:43:07,Atrasado,604
LN000499,CLI00320,4288.44,0.024,24,2024-10-23 07:39:42,Atrasado,601
LN000500,CLI02629,7891.49,0.0319,60,2023-07-12 02:42:43,Atrasado,780
LN000501,CLI01970,9834.76,0.0627,48,2023-03-28 03:03:56,Em dia,879
LN000502,CLI02757,5898.4,0.0624,60,2023-02-03 09:18:55,Em dia,593
LN000503,CLI01757,13727.95,0.0431,60,2023-05-11 01:11:42,Em dia,534
LN000504,CLI01373,8321.15,0.0266,60,2024-05-23 04:24:19,Inadimplente,707
LN000505,CLI02528,9959.87,0.0625,60,2023-01-04 15:45:44,Em dia,727
LN000506,CLI01277,3202.63,0.0277,24,2023-05-26 23:08:19,Em dia,548
LN000507,CLI00414,5281.28,0.056,36,2024-02-08 00:10:33,Em dia,528
LN000508,CLI01918,10908.01,0.0576,48,2024-04-15 04:11:12,Inadimplente,667
LN000509,CLI00109,23358.85,0.0333,12,2024-03-24 13:47:07,Em dia,608
LN000510,CLI02615,2982.02,0.0347,12,2024-10-01 22:08:18,Em dia,422
LN000511,CLI00612,6667.93,0.0309,60,2024-09-19 03:46:16,Atrasado,726
LN000512,CLI00606,8031.69,0.0298,24,2024-09-30 07:13:24,Em dia,545
LN000513,CLI02406,30284.84,0.0247,60,2023-12-19 22:24:06,Em dia,718
LN000514,CLI00792,9010.84,0.0542,12,2023-04-19 12:51:27,Atrasado,760
LN000515,CLI01768,5619.36,0.0558,36,2024-05-26 21:32:36,Atrasado,643
LN000516,CLI02969,30864.8,0.0467,24,2024-07-11 10:08:31,Atrasado,734
LN000517,CLI02486,2859.86,0.0593,36,2023-07-27 01:25:14,Atrasado,814
LN000518,CLI00752,7001.27,0.0293,24,2023-02-25 02:23:57,Quitado,733
LN000519,CLI00422,7367.93,0.0464,48,2023-03-12 00:25:56,Quitado,823
LN000520,CLI00605,13812.2,0.0504,24,2024-10-17 12:56:28,Em dia,514
LN000521,CLI00687,7187.37,0.0644,12,2024-01-03 02:14:00,Em dia,572
LN000522,CLI02503,5131.57,0.045,36,2023-11-07 09:19:36,Em dia,470
LN000523,CLI00204,39075.38,0.0547,60,2024-07-18 21:01:14,Atrasado,777
LN000524,CLI00290,8397.15,0.0208,12,2023-07-16 03:32:52,Em dia,785
LN000525,CLI00236,2423.42,0.0579,24,2023-07-11 09:08:36,Em dia,625
LN000526,CLI01730,5948.13,0.0517,24,2023-08-26 19:53:22,Inadimplente,666
LN000527,CLI00833,10786.66,0.0445,48,2024-01-25 11:43:06,Em dia,527
LN000528,CLI00097,5817.86,0.0581,12,2023-08-23 19:08:22,Em dia,875
LN000529,CLI02817,23724.28,0.0467,12,2024-03-04 18:53:50,Atrasado,603
LN000530,CLI01962,11483.32,0.0582,12,2023-06-07 08:30:40,Em dia,550
LN000531,CLI02878,6875.79,0.0197,48,2023-09-12 19:57:45,Em dia,674
LN000532,CLI02997,2918.87,0.0261,36,2024-04-15 12:05:49,Quitado,634
LN000533,CLI02862,24928.41,0.0307,12,2024-09-27 13:52:36,Atrasado,561
LN000534,CLI02584,6992.71,0.0409,48,2023-08-13 21:52:39,Em dia,705
LN000535,CLI02284,4307.84,0.0305,36,2023-01-27 06:17:33,Em dia,474
LN000536,CLI02890,22588.67,0.0493,36,2024-03-06 16:58:56,Em dia,745
LN000537,CLI00105,10255.17,0.044,36,2023-06-14 08:54:12,Em dia,569
LN000538,CLI01497,2236.01,0.0525,36,2023-07-08 19:17:56,Atrasado,867
LN000539,CLI01824,4898.16,0.0517,48,2023-04-22 15:14:24,Quitado,693
LN000540,CLI00580,23371.16,0.0431,48,2023-10-31 21:17:32,Em dia,719
LN000541,CLI02296,14116.9,0.063,12,2023-02-08 16:12:09,Em dia,624
LN000542,CLI00231,9093.1,0.0483,12,2023-10-17 06:06:22,Em dia,642
LN000543,CLI00884,7689.2,0.0409,24,2024-01-08 00:02:57,Quitado,446
LN000544,CLI02687,1327.86,0.0215,24,2023-12-14 18:57:47,Quitado,705
LN000545,CLI02211,32212.51,0.0548,48,2023-09-11 00:25:10,Atrasado,819
LN000546,CLI01240,3433.0,0.0505,60,2024-09-14 23:05:29,Quitado,646
LN000547,CLI01837,8692.24,0.0518,48,2023-02-16 02:08:25,Atrasado,747
LN000548,CLI00471,6667.22,0.0237,60,2023-06-04 16:03:59,Em dia,677
LN000549,CLI02056,2510.98,0.0596,24,2023-03-13 03:28:33,Atrasado,565
LN000550,CLI02760,10091.13,0.0239,60,2023-06-14 22:10:58,Em dia,826
LN000551,CLI01235,4376.29,0.0484,12,2023-03-10 02:08:54,Quitado,623
LN000552,CLI00561,7713.76,0.0477,12,2023-10-31 17:48:03,Em dia,673
LN000553,CLI01542,2440.87,0.0645,60,2024-06-30 03:17:39,Em dia,545
LN000554,CLI02352,9267.09,0.0607,24,2024-02-18 00:07:19,Em dia,623
LN000555,CLI00217,19461.32,0.0549,24,2024-03-12 07:01:54,Atrasado,499
LN000556,CLI00013,12812.55,0.0513,12,2023-08-28 15:43:51,Em dia,700
LN000557,CLI02608,5203.14,0.0437,12,2024-08-09 12:12:19,Em dia,747
LN000558,CLI00429,5394.76,0.0615,24,2023-10-30 00:23:58,Quitado,870
LN000559,CLI01546,5900.0,0.0299,60,2023-01-13 00:43:47,Inadimplente,613
LN000560,CLI02638,5953.86,0.026,36,2023-10-02 18:52:59,Em dia,670
LN000561,CLI02223,3917.88,0.0639,36,2023-10-10 18:15:58,Atrasado,759
LN000562,CLI01779,4701.97,0.0559,36,2023-08-27 02:04:22,Quitado,681
LN000563,CLI01582,10937.19,0.0435,36,2023-06-10 06:49:45,Em dia,639
LN000564,CLI00516,6709.43,0.0465,60,2023-04-12 23:21:47,Em dia,824
LN000565,CLI00794,33858.5,0.0482,60,2024-01-26 18:59:23,Em dia,670
LN000566,CLI01220,52893.5,0.0593,36,2023-02-16 02:37:17,Atrasado,562
LN000567,CLI00617,5494.67,0.0368,60,2024-06-28 06:40:29,Em dia,590
LN000568,CLI02642,66373.64,0.0243,24,2023-09-08 11:49:27,Inadimplente,570
LN000569,CLI00525,9520.65,0.0242,12,2024-08-18 16:03:48,Inadimplente,563
LN000570,CLI01664,9772.87,0.0364,48,2023-02-18 12:20:01,Em dia,810
LN000571,CLI02649,2631.52,0.0398,36,2023-03-25 22:56:16,Em dia,578
LN000572,CLI02903,18804.59,0.0254,12,2024-01-25 07:29:26,Em dia,650
LN000573,CLI01101,6902.32,0.0403,24,2023-07-29 07:11:12,Atrasado,681
LN000574,CLI01381,4179.92,0.0586,60,2024-03-01 10:50:08,Em dia,455
LN000575,CLI01473,12977.7,0.0578,48,2024-10-30 04:57:33,Quitado,599
LN000576,CLI00874,10410.22,0.0313,60,2023-04-21 07:48:51,Em dia,648
LN000577,CLI02237,9647.73,0.0228,12,2023-02-16 14:02:32,Em dia,604
LN000578,CLI02983,9751.93,0.0344,48,2024-04-07 13:00:16,Em dia,628
LN000579,CLI00365,2139.09,0.0637,60,2023-09-01 00:32:26,Em dia,720
LN000580,CLI01287,22124.72,0.0446,24,2023-12-31 15:46:56,Atrasado,400
LN000581,CLI01736,10637.37,0.0267,60,2024-10-24 21:44:19,Quitado,798
LN000582,CLI00266,4450.85,0.0303,48,2024-01-02 17:02:16,Atrasado,452
LN000583,CLI02929,8761.83,0.0254,12,2024-05-15 16:44:20,Em dia,605
LN000584,CLI02392,3642.44,0.0486,24,2024-02-12 21:36:54,Em dia,692
LN000585,CLI00783,9806.26,0.05,48,2024-03-23 18:38:07,Em dia,675
LN000586,CLI01279,7828.21,0.0396,12,2023-04-27 03:27:03,Em dia,729
LN000587,CLI02623,8159.57,0.0274,60,2024-08-03 07:27:20,Em dia,472
LN000588,CLI02990,12999.23,0.0234,60,2023-11-05 18:48:20,Em dia,624
LN000589,CLI01442,6915.94,0.0603,24,2023-04-10 20:15:18,Em dia,745
LN000590,CLI00694,5146.1,0.0638,36,2024-07-01 15:00:43,Em dia,525
LN000591,CLI02714,7488.33,0.0309,12,2024-01-10 05:32:46,Inadimplente,714
LN000592,CLI02849,7532.49,0.0241,24,2023-12-25 12:29:49,Inadimplente,579
LN000593,CLI00463,11767.4,0.051,60,2023-08-31 16:48:10,Em dia,790
LN000594,CLI00469,18389.45,0.0215,12,2023-06-15 10:11:46,Atrasado,605
LN000595,CLI02222,12292.41,0.0312,24,2024-07-07 15:30:36,Em dia,605
LN000596,CLI01745,4856.1,0.0287,36,2023-05-19 21:07:39,Atrasado,604
LN000597,CLI00388,38302.38,0.0505,12,2023-07-17 16:58:32,Inadimplente,629
LN000598,CLI02341,11909.9,0.0429,36,2023-06-11 07:33:43,Em dia,712
LN000599,CLI01017,8605.27,0.0298,48,2023-10-01 17:45:03,Inadimplente,651
LN000600,CLI00700,4733.19,0.0431,60,2023-06-15 21:50:09,Em dia,623
LN000601,CLI02509,34222.56,0.0194,24,2023-08-20 12:41:05,Atrasado,495
LN000602,CLI01349,6679.22,0.0375,60,2024-10-20 15:28:34,Em dia,746
LN000603,CLI00896,5588.94,0.06,48,2024-09-18 21:03:39,Em dia,571
LN000604,CLI00778,10899.82,0.0373,60,2023-07-15 13:51:20,Em dia,518
LN000605,CLI01035,5413.98,0.0404,24,2024-03-25 01:57:24,Em dia,508
LN000606,CLI01739,5673.45,0.022,24,2024-01-31 03:34:46,Quitado,481
LN000607,CLI02359,8515.66,0.0516,24,2024-01-15 10:01:42,Em dia,534
LN000608,CLI02286,7288.1,0.0575,36,2023-11-08 18:17:15,Em dia,525
LN000609,CLI02901,12422.51,0.0216,36,2024-05-02 06:50:38,Em dia,428
LN000610,CLI00549,10680.23,0.0629,48,2023-07-16 17:44:33,Em dia,519
LN000611,CLI01219,17131.14,0.0547,24,2023-10-24 03:08:38,Em dia,821
LN000612,CLI02005,9823.51,0.0513,60,2024-09-06 21:32:12,Atrasado,659
LN000613,CLI02387,8803.7,0.0502,12,2023-07-22 20:44:40,Em dia,563
LN000614,CLI00684,20049.95,0.0533,36,2024-07-19 23:12:07,Em dia,560
LN000615,CLI02419,7963.53,0.0647,48,2024-03-05 08:33:04,Em dia,839
LN000616,CLI00770,5048.69,0.0191,24,2023-12-02 05:11:04,Em dia,527
LN000617,CLI01302,8915.42,0.0356,24,2023-03-19 16:13:48,Atrasado,732
LN000618,CLI02297,3177.68,0.062,24,2023-08-29 14:04:53,Em dia,592
LN000619,CLI02891,7805.86,0.0613,36,2024-04-25 01:51:37,Em dia,662
LN000620,CLI02040,40608.88,0.0472,48,2023-02-09 18:18:14,Inadimplente,639
LN000621,CLI01079,2518.04,0.0282,36,2023-04-10 01:08:14,Quitado,737
LN000622,CLI01687,16769.7,0.043,36,2023-04-24 13:02:43,Em dia,579
LN000623,CLI01128,8495.23,0.0458,36,2023-09-09 02:37:01,Atrasado,804
LN000624,CLI00442,17394.54,0.0434,48,2023-05-04 09:19:47,Em dia,686
LN000625,CLI02956,8038.74,0.0197,36,2024-04-09 00:32:10,Inadimplente,734
LN000626,CLI00242,2815.18,0.042,60,2023-09-27 17:20:03,Quitado,648
LN000627,CLI01968,6029.08,0.0223,48,2024-04-05 20:43:00,Em dia,574
LN000628,CLI00110,6751.44,0.0367,12,2024-10-17 20:50:41,Em dia,896
LN000629,CLI02008,5819.67,0.0434,12,2024-08-31 00:43:00,Quitado,532
LN000630,CLI00166,15653.07,0.0257,36,2024-01-24 08:20:51,Em dia,789
LN000631,CLI02808,9634.11,0.0494,24,2023-02-01 09:36:38,Em dia,580
LN000632,CLI00258,6073.13,0.0451,60,2023-05-23 00:52:42,Em dia,648
LN000633,CLI01921,20816.97,0.0536,24,2023-07-26 12:16:16,Em dia,694
LN000634,CLI01832,3534.93,0.0545,48,2023-09-20 13:09:38,Em dia,470
LN000635,CLI02548,14791.7,0.0497,36,2023-02-23 13:31:54,Quitado,676
LN000636,CLI01367,5688.62,0.0188,24,2023-08-30 11:53:01,Quitado,413
LN000637,CLI02206,4765.48,0.0633,24,2024-08-29 10:54:00,Em dia,514
LN000638,CLI00802,14937.92,0.0253,48,2024-02-23 10:21:26,Inadimplente,559
LN000639,CLI02332,5718.85,0.0469,36,2023-08-07 03:50:06,Inadimplente,547
LN000640,CLI02001,22541.78,0.0423,24,2024-03-22 06:35:36,Atrasado,490
LN000641,CLI01283,14125.74,0.0605,60,2024-03-04 01:19:09,Inadimplente,790
LN000642,CLI02554,7349.27,0.029,60,2023-05-14 15:32:00,Em dia,779
LN000643,CLI02894,19579.34,0.0629,36,2024-06-02 12:04:53,Em dia,674
LN000644,CLI01138,13318.23,0.0291,24,2023-06-28 11:28:38,Atrasado,540
LN000645,CLI02399,7433.75,0.0443,60,2024-08-04 02:19:52,Quitado,605
LN000646,CLI00468,2516.13,0.0503,36,2023-09-14 05:46:30,Em dia,700
LN000647,CLI01396,18532.01,0.0484,60,2024-07-15 00:59:14,Quitado,463
LN000648,CLI00160,18464.68,0.0255,48,2023-12-20 13:51:09,Em dia,743
LN000649,CLI02483,3938.12,0.0373,24,2024-08-13 05:07:46,Em dia,664
LN000650,CLI00965,5296.54,0.0598,12,2023-11-20 20:11:00,Atrasado,701
LN000651,CLI01636,10732.06,0.0204,36,2023-01-25 03:37:41,Em dia,734
LN000652,CLI00751,92845.85,0.0215,24,2024-06-15 21:48:58,Inadimplente,516
LN000653,CLI00243,8258.41,0.0233,36,2024-10-14 23:59:56,Inadimplente,645
LN000654,CLI01323,17581.67,0.0298,36,2024-09-19 00:50:09,Atrasado,601
LN000655,CLI01057,9772.72,0.0382,12,2023-08-04 10:38:00,Quitado,579
LN000656,CLI02421,6734.53,0.0426,24,2024-05-20 11:22:58,Em dia,684
LN000657,CLI00101,14427.33,0.0218,48,2024-07-20 04:04:43,Em dia,822
LN000658,CLI00322,4096.59,0.0252,36,2023-06-28 08:52:32,Em dia,586
LN000659,CLI00736,3713.73,0.0362,48,2023-01-10 09:17:21,Quitado,704
LN000660,CLI02599,9255.55,0.0197,24,2024-04-03 09:11:53,Em dia,576
LN000661,CLI02810,9586.47,0.0637,48,2023-08-18 11:27:55,Em dia,805
LN000662,CLI02639,5836.36,0.0441,48,2023-07-15 23:40:11,Em dia,702
LN000663,CLI00268,25616.62,0.0492,24,2024-04-07 00:30:34,Em dia,565
LN000664,CLI01252,4301.57,0.0422,60,2023-04-29 09:08:50,Em dia,666
LN000665,CLI02522,11598.85,0.0391,60,2023-03-23 08:41:54,Em dia,492
LN000666,CLI02408,5243.72,0.0234,48,2024-05-15 14:19:32,Quitado,706
LN000667,CLI01727,50539.84,0.0323,24,2024-05-26 20:04:42,Em dia,742
LN000668,CLI00904,12123.93,0.0484,24,2023-05-09 22:37:06,Em dia,665
LN000669,CLI00183,8802.53,0.0267,24,2023-08-21 01:27:02,Em dia,572
LN000670,CLI02316,13569.19,0.0531,12,2024-05-03 12:53:54,Inadimplente,724
LN000671,CLI02043,11375.77,0.022,48,2024-04-18 14:24:58,Atrasado,543
LN000672,CLI00994,2888.27,0.0457,24,2024-08-11 12:22:27,Em dia,688
LN000673,CLI01783,31668.08,0.0525,12,2024-01-09 16:38:00,Inadimplente,855
LN000674,CLI01018,3049.56,0.0515,36,2023-09-26 11:27:39,Quitado,563
LN000675,CLI00670,5569.22,0.0393,48,2023-02-01 18:01:19,Quitado,647
LN000676,CLI00487,6894.79,0.0438,36,2024-05-23 16:02:18,Atrasado,765
LN000677,CLI01706,5551.98,0.0343,24,2024-09-05 21:08:15,Atrasado,486
LN000678,CLI01599,8256.89,0.034,12,2023-01-19 08:29:46,Inadimplente,659
LN000679,CLI02433,11139.16,0.0594,36,2024-08-31 11:27:18,Atrasado,674
LN000680,CLI01994,4886.78,0.0313,60,2024-03-17 20:59:34,Em dia,629
LN000681,CLI01094,5358.19,0.0499,60,2023-11-27 23:18:56,Em dia,485
LN000682,CLI02761,11416.87,0.0589,36,2023-08-26 08:38:38,Em dia,584
LN000683,CLI02413,3579.52,0.0287,12,2023-11-07 16:29:31,Inadimplente,855
LN000684,CLI01920,1703.38,0.0486,24,2023-05-15 19:31:13,Em dia,697
LN000685,CLI01099,3019.69,0.0319,24,2024-09-17 05:58:19,Atrasado,524
LN000686,CLI01512,2950.07,0.0368,60,2024-04-08 07:53:09,Inadimplente,739
LN000687,CLI02469,16166.55,0.0537,60,2024-04-13 18:36:41,Quitado,637
LN000688,CLI01766,4960.29,0.0365,60,2023-11-24 22:42:41,Em dia,660
LN000689,CLI02120,6279.53,0.035,24,2023-10-08 10:53:37,Em dia,470
LN000690,CLI01539,18029.64,0.0568,60,2023-05-12 10:19:32,Quitado,496
LN000691,CLI00253,12229.24,0.0192,48,2023-07-05 19:06:49,Em dia,790
LN000692,CLI00916,5611.73,0.023,48,2023-05-02 06:20:04,Atrasado,718
LN000693,CLI01089,19153.1,0.0434,60,2024-04-25 08:21:01,Em dia,601
LN000694,CLI02897,15588.86,0.0637,48,2023-07-24 03:05:30,Em dia,639
LN000695,CLI02007,5714.85,0.0439,36,2024-02-06 10:04:24,Em dia,820
LN000696,CLI00354,17148.31,0.0421,12,2024-08-24 08:46:36,Inadimplente,517
LN000697,CLI01310,7439.83,0.0211,60,2023-10-24 23:00:17,Atrasado,681
LN000698,CLI02915,19106.71,0.0549,48,2023-04-25 05:45:39,Em dia,681
LN000699,CLI02279,16993.54,0.0533,36,2024-09-27 07:58:07,Em dia,465
LN000700,CLI00663,3363.5,0.0574,36,2024-08-14 16:44:23,Em dia,589
LN000701,CLI02728,14438.01,0.0421,12,2023-10-28 09:19:44,Atrasado,671
LN000702,CLI00756,3678.62,0.0412,48,2023-08-10 04:30:41,Quitado,796
LN000703,CLI02622,2357.19,0.0364,24,2023-07-30 08:45:35,Em dia,686
LN000704,CLI02641,12202.97,0.0422,24,2024-06-18 04:41:55,Quitado,657
LN000705,CLI01695,3221.97,0.0242,60,2024-09-17 21:42:24,Em dia,714
LN000706,CLI02156,4855.38,0.049,12,2024-09-16 14:29:58,Quitado,460
LN000707,CLI00831,6827.21,0.0395,60,2023-11-05 13:11:12,Em dia,412
LN000708,CLI00872,4697.54,0.0605,60,2023-07-05 02:10:02,Em dia,494
LN000709,CLI00452,3443.47,0.0599,60,2024-06-13 04:31:29,Quitado,719
LN000710,CLI00624,11310.6,0.0248,36,2023-07-28 08:32:34,Atrasado,645
LN000711,CLI01181,3644.24,0.0382,24,2024-07-09 06:16:37,Em dia,807
LN000712,CLI01350,7894.0,0.0327,12,2023-04-27 00:42:41,Em dia,483
LN000713,CLI02042,30401.2,0.0264,12,2023-09-18 13:04:03,Em dia,649
LN000714,CLI01266,15007.44,0.0289,60,2024-10-24 20:56:48,Inadimplente,857
LN000715,CLI01654,11413.02,0.028,48,2023-10-21 20:55:45,Em dia,693
LN000716,CLI02549,13562.13,0.0367,24,2023-07-30 21:13:37,Em dia,507
LN000717,CLI00554,4673.93,0.0322,24,2024-01-26 22:43:36,Em dia,843
LN000718,CLI01726,6822.04,0.0547,12,2023-11-26 08:08:20,Em dia,467
LN000719,CLI00798,5746.17,0.0502,36,2023-01-15 05:28:55,Em dia,822
LN000720,CLI00270,4074.71,0.0372,60,2023-12-21 14:59:13,Em dia,498
LN000721,CLI01806,4514.43,0.0378,24,2024-04-04 07:28:39,Atrasado,476
LN000722,CLI01765,21989.6,0.0386,60,2023-06-12 02:10:07,Em dia,629
LN000723,CLI00360,6218.15,0.0566,12,2024-01-31 21:36:34,Atrasado,719
LN000724,CLI00213,4545.35,0.0307,12,2024-06-04 17:58:30,Quitado,671
LN000725,CLI02449,7411.78,0.0452,48,2024-05-04 00:57:35,Em dia,514
LN000726,CLI01821,18778.44,0.0534,24,2024-09-09 23:16:26,Em dia,730
LN000727,CLI02741,5926.12,0.0539,12,2024-06-02 20:23:34,Em dia,681
LN000728,CLI02064,9673.37,0.0615,12,2023-11-04 12:07:18,Em dia,696
LN000729,CLI01462,21253.22,0.0201,60,2023-10-01 12:30:09,Quitado,875
LN000730,CLI00058,11636.26,0.0304,36,2024-01-25 09:03:14,Em dia,595
LN000731,CLI00992,7288.54,0.0599,12,2023-01-29 00:41:18,Em dia,585
LN000732,CLI02190,27797.95,0.0482,24,2024-05-17 03:55:54,Atrasado,623
LN000733,CLI00568,12278.34,0.0324,24,2023-12-02 20:42:37,Atrasado,539
LN000734,CLI01992,17281.11,0.0589,36,2023-04-18 09:02:53,Quitado,711
LN000735,CLI00234,8796.3,0.0539,24,2023-07-06 00:11:30,Em dia,607
LN000736,CLI01677,19475.94,0.0623,36,2023-06-04 12:40:34,Em dia,473
LN000737,CLI02789,18442.13,0.0241,36,2024-05-06 07:31:49,Quitado,832
LN000738,CLI00882,33338.73,0.0342,60,2023-06-02 05:39:10,Inadimplente,622
LN000739,CLI02207,5477.81,0.0391,24,2023-06-01 06:45:06,Em dia,542
LN000740,CLI01423,2376.93,0.0236,12,2023-10-11 10:46:15,Em dia,699
LN000741,CLI02795,4300.75,0.0528,48,2024-04-18 02:57:50,Atrasado,472
LN000742,CLI00807,11088.77,0.0424,36,2023-03-11 22:57:52,Em dia,645
LN000743,CLI00716,11133.25,0.0197,60,2023-10-23 13:26:23,Atrasado,630
LN000744,CLI00431,48880.02,0.0255,12,2023-05-11 07:07:28,Quitado,833
LN000745,CLI00070,13312.32,0.0607,12,2024-01-02 01:59:22,Atrasado,761
LN000746,CLI01764,10376.69,0.0555,48,2024-03-01 00:26:38,Em dia,828
LN000747,CLI00877,17079.63,0.0427,24,2023-07-12 07:12:11,Quitado,485
LN000748,CLI01643,8764.69,0.0399,48,2023-07-01 22:10:53,Em dia,728
LN000749,CLI01834,17283.48,0.0592,24,2024-03-13 13:29:34,Em dia,503
LN000750,CLI01147,2531.32,0.0319,60,2023-03-11 08:42:40,Em dia,799
LN000751,CLI02578,8957.63,0.0553,60,2024-01-29 14:18:09,Quitado,650
LN000752,CLI02921,7702.63,0.0581,12,2023-10-15 16:33:20,Inadimplente,777
LN000753,CLI00852,9982.92,0.0317,36,2023-05-12 23:58:58,Atrasado,562
LN000754,CLI00627,1869.79,0.0369,36,2024-09-10 05:53:19,Inadimplente,436
LN000755,CLI02776,8748.55,0.0192,60,2024-06-12 22:02:54,Inadimplente,896
LN000756,CLI02707,8736.17,0.0623,60,2024-03-11 19:14:21,Quitado,524
LN000757,CLI02839,35454.51,0.0339,60,2023-04-22 09:03:53,Em dia,785
LN000758,CLI02050,10533.06,0.0209,12,2024-10-31 10:43:53,Em dia,750
LN000759,CLI01022,9748.52,0.0198,60,2023-02-15 00:09:23,Em dia,496
LN000760,CLI02898,20176.93,0.0213,12,2023-09-05 08:10:15,Em dia,534
LN000761,CLI02028,16978.7,0.0428,48,2024-02-15 19:50:44,Em dia,708
LN000762,CLI01988,13311.26,0.0482,36,2023-05-22 07:36:43,Quitado,624
LN000763,CLI02735,17651.86,0.033,12,2024-03-06 03:57:09,Inadimplente,656
LN000764,CLI00286,3751.16,0.0256,60,2024-02-15 22:38:15,Quitado,542
LN000765,CLI01443,3279.16,0.0523,36,2024-01-01 09:37:24,Em dia,950
LN000766,CLI02147,7639.21,0.0476,48,2023-09-13 17:24:40,Quitado,544
LN000767,CLI00815,10662.97,0.0319,60,2024-03-19 01:14:23,Em dia,466
LN000768,CLI01494,12004.63,0.0306,12,2024-01-21 07:40:21,Quitado,746
LN000769,CLI02136,16847.55,0.0472,48,2023-07-30 12:07:37,Em dia,665
LN000770,CLI02495,2621.13,0.0571,12,2024-07-16 09:15:26,Atrasado,730
LN000771,CLI00871,3497.66,0.0551,48,2023-01-12 03:53:48,Em dia,626
LN000772,CLI00603,2488.4,0.0543,48,2024-10-11 09:05:17,Em dia,685
LN000773,CLI01452,13992.66,0.0633,60,2023-07-07 14:38:21,Atrasado,470
LN000774,CLI02655,6845.95,0.0253,60,2023-12-31 18:26:15,Atrasado,647
LN000775,CLI02986,5016.17,0.0507,60,2024-07-13 19:51:00,Em dia,555
LN000776,CLI02717,6988.57,0.032,48,2023-09-01 03:07:56,Inadimplente,710
LN000777,CLI00447,4666.37,0.0385,36,2024-09-21 00:26:41,Em dia,652
LN000778,CLI00515,43002.94,0.0557,60,2024-09-27 14:31:59,Em dia,549
LN000779,CLI00077,13582.75,0.0483,36,2023-08-25 20:58:11,Inadimplente,664
LN000780,CLI01853,11106.3,0.0348,12,2023-01-30 10:49:14,Em dia,594
LN000781,CLI00657,28023.22,0.042,60,2023-03-20 18:38:17,Em dia,719
LN000782,CLI00529,55569.24,0.0313,36,2024-04-22 08:07:32,Em dia,731
LN000783,CLI01447,9283.93,0.0195,48,2024-10-28 04:45:18,Quitado,698
LN000784,CLI00956,7377.08,0.0256,24,2023-03-02 03:01:38,Em dia,728
LN000785,CLI02060,10975.03,0.0563,36,2023-04-16 05:44:24,Inadimplente,581
LN000786,CLI00953,8825.32,0.0645,12,2024-08-18 03:42:47,Quitado,537
LN000787,CLI01499,8284.36,0.0268,12,2024-03-19 23:36:34,Atrasado,644
LN000788,CLI01157,8506.51,0.0401,12,2024-03-13 04:06:03,Em dia,670
LN000789,CLI01611,3423.56,0.0486,24,2024-10-22 16:26:41,Quitado,772
LN000790,CLI00637,3905.92,0.0648,36,2024-08-02 18:32:54,Atrasado,617
LN000791,CLI01644,19662.46,0.0477,48,2023-02-18 08:25:48,Em dia,608
LN000792,CLI01468,6740.8,0.051,12,2024-03-15 12:23:51,Quitado,667
LN000793,CLI00861,6020.32,0.0288,24,2023-10-03 12:59:00,Em dia,521
LN000794,CLI00489,12310.01,0.047,36,2023-04-19 05:51:12,Em dia,782
LN000795,CLI02239,9509.25,0.064,48,2023-12-15 17:18:35,Quitado,622
LN000796,CLI01078,9326.96,0.0246,12,2024-07-09 14:53:04,Quitado,416
LN000797,CLI02560,12337.7,0.0452,60,2023-09-20 03:14:14,Em dia,638
LN000798,CLI01054,8266.12,0.0205,60,2024-04-27 07:19:36,Em dia,632
LN000799,CLI00445,9127.68,0.0343,12,2023-08-24 19:04:06,Em dia,580
LN000800,CLI01673,13616.56,0.0479,24,2023-11-30 03:59:41,Atrasado,559
LN000801,CLI02317,4782.95,0.0453,12,2024-09-03 04:29:07,Atrasado,621
LN000802,CLI01930,10142.27,0.0308,12,2024-08-21 15:16:59,Em dia,621
LN000803,CLI00169,5791.52,0.0229,48,2023-11-11 19:46:23,Em dia,860
LN000804,CLI00060,5805.0,0.0485,36,2023-11-21 09:08:57,Inadimplente,631
LN000805,CLI00618,10651.42,0.0611,12,2024-05-20 16:39:11,Em dia,690
LN000806,CLI00537,56431.71,0.0414,36,2024-02-06 10:12:47,Em dia,720
LN000807,CLI01808,27691.07,0.0584,48,2023-12-12 03:39:11,Inadimplente,698
LN000808,CLI00050,3328.3,0.0442,24,2024-03-30 15:11:12,Quitado,641
LN000809,CLI01441,2288.95,0.0564,36,2023-03-26 03:04:18,Inadimplente,639
LN000810,CLI01146,19272.84,0.0269,36,2023-07-14 21:44:15,Quitado,543
LN000811,CLI00923,14606.99,0.0495,12,2024-04-23 00:53:18,Inadimplente,639
LN000812,CLI00049,9786.69,0.0269,48,2023-11-04 22:23:54,Em dia,608
LN000813,CLI00728,23691.83,0.0337,60,2023-07-21 13:09:30,Em dia,723
LN000814,CLI01135,4483.46,0.0305,48,2024-03-24 04:47:01,Quitado,826
LN000815,CLI02442,4043.8,0.064,48,2023-04-08 02:06:48,Atrasado,662
LN000816,CLI02713,8331.95,0.0326,24,2023-03-20 13:22:49,Inadimplente,584
LN000817,CLI01124,9936.03,0.0462,12,2024-06-18 12:38:06,Inadimplente,609
LN000818,CLI00639,8270.98,0.0515,60,2023-05-10 00:04:48,Quitado,521
LN000819,CLI02272,44334.26,0.0194,24,2024-02-07 18:01:11,Em dia,873
LN000820,CLI02689,8334.45,0.0234,36,2023-01-14 18:28:08,Em dia,677
LN000821,CLI02856,14625.64,0.0633,36,2023-07-08 21:31:52,Em dia,806
LN000822,CLI01249,12628.77,0.0462,36,2023-12-20 10:27:02,Em dia,633
LN000823,CLI00026,14397.13,0.0332,24,2024-03-17 11:11:07,Em dia,621
LN000824,CLI01680,3949.53,0.0467,12,2023-10-24 22:10:40,Atrasado,776
LN000825,CLI01246,8207.15,0.0275,60,2023-09-24 20:47:50,Em dia,761
LN000826,CLI00283,6311.23,0.0531,36,2023-09-03 17:03:23,Atrasado,619
LN000827,CLI02157,44035.52,0.0458,60,2023-06-14 21:49:34,Em dia,690
LN000828,CLI01908,15311.63,0.0498,36,2023-02-04 02:27:49,Em dia,710
LN000829,CLI02140,8393.37,0.0512,12,2023-01-19 11:07:01,Em dia,706
LN000830,CLI00368,19771.22,0.0576,12,2023-06-08 00:52:57,Quitado,605
LN000831,CLI02029,19387.02,0.0188,36,2023-08-20 10:05:07,Quitado,773
LN000832,CLI02058,3393.17,0.0593,24,2023-10-09 00:34:38,Em dia,654
LN000833,CLI01629,3383.09,0.0555,60,2024-05-31 14:01:26,Em dia,834
LN000834,CLI02333,20713.98,0.0571,60,2024-06-30 13:27:01,Inadimplente,776
LN000835,CLI00957,2077.96,0.0208,60,2023-05-12 07:23:49,Em dia,849
LN000836,CLI01953,11918.91,0.0612,12,2023-11-27 11:17:38,Atrasado,633
LN000837,CLI01797,6086.24,0.0474,60,2023-05-12 22:01:06,Em dia,699
LN000838,CLI02051,4211.83,0.0596,12,2023-05-08 18:19:10,Em dia,456
LN000839,CLI02627,5126.77,0.0415,36,2023-04-22 09:30:25,Em dia,667
LN000840,CLI00304,11092.07,0.046,24,2023-06-13 13:36:06,Inadimplente,701
LN000841,CLI01149,5062.71,0.0416,48,2024-09-03 18:18:35,Em dia,721
LN000842,CLI00246,11506.25,0.044,60,2024-10-09 11:30:11,Em dia,510
LN000843,CLI01155,14459.08,0.0251,36,2024-04-24 16:19:20,Inadimplente,663
LN000844,CLI00589,12576.28,0.0599,12,2024-03-12 18:24:55,Quitado,712
LN000845,CLI01422,17086.35,0.0294,24,2023-03-14 07:34:22,Quitado,449
LN000846,CLI01294,19350.91,0.0442,12,2024-05-03 17:57:33,Em dia,693
LN000847,CLI01676,11802.04,0.0264,60,2023-07-05 02:48:52,Inadimplente,629
LN000848,CLI01630,4614.51,0.0625,48,2023-01-03 14:51:51,Quitado,743
LN000849,CLI00357,6714.69,0.0646,24,2023-12-31 15:55:57,Em dia,722
LN000850,CLI02836,29694.81,0.0508,36,2023-11-21 05:22:18,Atrasado,521
LN000851,CLI01183,12643.48,0.0379,48,2023-06-22 11:43:41,Atrasado,707
LN000852,CLI00356,2311.27,0.0418,12,2023-09-17 10:36:12,Em dia,681
LN000853,CLI01006,5455.46,0.0457,36,2024-02-13 15:40:14,Em dia,462
LN000854,CLI01746,4843.25,0.0298,48,2023-12-05 20:35:37,Em dia,644
LN000855,CLI02381,12335.74,0.0273,60,2023-07-21 06:20:06,Atrasado,675
LN000856,CLI00978,4658.95,0.0254,36,2023-03-05 18:09:24,Atrasado,589
LN000857,CLI01112,12505.47,0.023,24,2024-01-11 02:01:05,Atrasado,736
LN000858,CLI00665,7935.49,0.0313,60,2023-12-13 08:54:22,Quitado,809
LN000859,CLI02348,27804.32,0.0612,48,2024-09-29 12:32:57,Em dia,595
LN000860,CLI01132,18510.28,0.0625,60,2024-08-10 05:58:15,Em dia,826
LN000861,CLI01199,5301.26,0.0427,24,2024-10-31 10:56:54,Inadimplente,755
LN000862,CLI02464,6086.31,0.031,36,2024-08-07 02:21:25,Em dia,605
LN000863,CLI01710,7028.8,0.0353,24,2024-05-23 17:03:24,Atrasado,415
LN000864,CLI02896,16426.32,0.052,12,2023-03-08 15:46:41,Atrasado,787
LN000865,CLI01374,9519.56,0.044,36,2023-03-23 12:57:05,Inadimplente,783
LN000866,CLI01656,10180.13,0.061,24,2023-12-08 07:27:46,Em dia,626
LN000867,CLI01785,31365.16,0.0414,36,2024-08-07 07:20:17,Em dia,655
LN000868,CLI00545,13719.06,0.0513,24,2023-01-08 07:49:03,Atrasado,652
LN000869,CLI01136,3880.96,0.0485,24,2023-05-22 01:22:58,Em dia,725
LN000870,CLI02867,27523.28,0.0246,12,2023-09-22 03:00:16,Em dia,571
LN000871,CLI02374,11355.87,0.0224,12,2023-01-17 07:48:24,Em dia,662
LN000872,CLI02834,11702.54,0.0484,48,2024-05-28 22:16:36,Atrasado,662
LN000873,CLI02973,2653.18,0.0284,48,2023-05-04 15:26:44,Em dia,584
LN000874,CLI00797,9469.55,0.0509,12,2023-03-03 17:25:17,Atrasado,870
LN000875,CLI02692,25717.78,0.0467,48,2023-05-06 11:34:29,Em dia,735
LN000876,CLI02684,4268.02,0.0604,24,2024-06-20 02:08:46,Inadimplente,791
LN000877,CLI00799,4150.91,0.0281,60,2024-05-20 10:34:50,Em dia,684
LN000878,CLI01259,10521.0,0.0329,60,2023-04-27 06:54:56,Quitado,547
LN000879,CLI02698,6542.45,0.0241,60,2023-07-12 02:10:14,Quitado,701
LN000880,CLI02134,12503.67,0.0442,48,2023-09-25 17:33:19,Atrasado,631
LN000881,CLI00723,11553.37,0.0315,24,2024-07-01 11:04:59,Em dia,677
LN000882,CLI00816,2211.21,0.0381,48,2023-01-20 07:24:24,Atrasado,718
LN000883,CLI02076,9435.44,0.0332,24,2024-03-19 15:48:58,Inadimplente,504
LN000884,CLI02337,13194.89,0.0315,60,2023-12-11 12:00:12,Atrasado,723
LN000885,CLI00125,3769.28,0.0413,60,2024-05-16 14:47:48,Atrasado,676
LN000886,CLI01335,9717.14,0.0483,48,2024-09-04 12:36:13,Atrasado,625
LN000887,CLI01772,6619.5,0.0573,48,2024-02-12 06:24:43,Inadimplente,572
LN000888,CLI01394,18691.93,0.0424,12,2024-03-17 00:13:23,Inadimplente,570
LN000889,CLI00625,5522.85,0.0295,24,2023-10-07 10:55:19,Em dia,539
LN000890,CLI00413,46757.57,0.0609,48,2024-07-24 09:40:01,Em dia,689
LN000891,CLI01122,6764.58,0.0552,60,2023-03-18 14:34:19,Em dia,646
LN000892,CLI01880,19517.06,0.0226,60,2023-10-20 19:06:08,Em dia,673
LN000893,CLI01816,7539.91,0.0359,48,2024-06-24 13:00:08,Inadimplente,635
LN000894,CLI02985,17600.17,0.0429,12,2023-05-09 04:31:45,Em dia,730
LN000895,CLI00504,6126.01,0.0579,12,2024-03-30 23:12:16,Em dia,441
LN000896,CLI02183,4606.76,0.0203,12,2023-11-30 17:22:18,Em dia,711
LN000897,CLI00332,10655.01,0.0297,48,2023-07-13 05:28:24,Em dia,613
LN000898,CLI00349,5647.75,0.0445,12,2023-07-29 20:58:48,Quitado,436
LN000899,CLI02396,5077.15,0.0211,12,2024-04-22 13:25:23,Em dia,644
LN000900,CLI00793,7159.84,0.0569,48,2023-01-21 04:12:07,Em dia,762
LN000901,CLI02366,18583.66,0.0566,36,2024-04-22 09:44:22,Em dia,611
LN000902,CLI00306,15595.55,0.0258,60,2024-08-29 10:04:22,Quitado,844
LN000903,CLI01110,1061.66,0.0517,24,2023-08-08 18:28:42,Quitado,578
LN000904,CLI01592,35402.4,0.0525,12,2023-01-26 13:02:41,Em dia,558
LN000905,CLI01400,7238.38,0.0596,24,2024-01-15 03:21:34,Inadimplente,582
LN000906,CLI01616,8558.22,0.0429,60,2023-10-02 03:26:00,Em dia,798
LN000907,CLI02362,15008.79,0.0632,36,2023-06-01 02:04:07,Em dia,623
LN000908,CLI01646,6259.18,0.0186,24,2024-09-14 17:13:03,Em dia,753
LN000909,CLI00225,12948.23,0.0642,48,2023-05-05 17:59:05,Em dia,655
LN000910,CLI01912,5042.07,0.0199,60,2023-06-07 12:57:56,Em dia,590
LN000911,CLI02824,3589.84,0.0333,48,2023-05-09 07:10:56,Em dia,437
LN000912,CLI00456,2318.38,0.0598,48,2024-06-18 14:18:59,Em dia,611
LN000913,CLI01389,6073.24,0.0377,24,2023-07-06 16:04:42,Em dia,590
LN000914,CLI02466,5459.05,0.036,24,2023-11-13 19:08:48,Em dia,709
LN000915,CLI01119,48345.53,0.0574,48,2023-08-21 09:36:04,Atrasado,621
LN000916,CLI00085,6108.12,0.0289,48,2023-06-03 10:13:55,Atrasado,754
LN000917,CLI01448,10224.1,0.0507,48,2023-06-02 01:53:59,Em dia,779
LN000918,CLI00787,2229.91,0.0247,24,2024-10-30 23:40:53,Em dia,757
LN000919,CLI00855,3513.35,0.0214,12,2023-01-14 09:48:11,Em dia,586
LN000920,CLI00628,4090.09,0.0235,48,2024-04-10 22:29:08,Quitado,870
LN000921,CLI02666,12387.57,0.0214,12,2024-04-20 17:50:51,Em dia,811
LN000922,CLI00273,12340.24,0.021,60,2024-04-20 08:41:34,Em dia,645
LN000923,CLI01957,25890.31,0.0328,12,2024-07-08 00:22:39,Quitado,640
LN000924,CLI00297,19088.23,0.0248,60,2024-04-21 02:00:13,Em dia,807
LN000925,CLI01551,6019.4,0.0384,48,2023-11-08 09:59:56,Em dia,631
LN000926,CLI01742,8929.04,0.0309,24,2024-01-10 01:51:32,Em dia,654
LN000927,CLI01076,8015.09,0.0635,60,2023-07-17 23:28:18,Em dia,595
LN000928,CLI00423,15488.19,0.0232,12,2023-06-07 20:41:21,Em dia,730
LN000929,CLI00479,12268.2,0.0468,36,2024-06-19 00:48:16,Em dia,581
LN000930,CLI00611,9671.12,0.0387,48,2024-04-15 23:28:47,Em dia,778
LN000931,CLI02424,4628.82,0.0257,60,2023-03-22 19:20:32,Inadimplente,619
LN000932,CLI01778,5934.42,0.0552,24,2023-04-30 05:15:41,Atrasado,651
LN000933,CLI00932,25195.89,0.0228,12,2023-08-02 15:30:41,Em dia,506
LN000934,CLI01201,2009.33,0.0393,24,2023-03-15 18:19:42,Em dia,784
LN000935,CLI01594,8540.77,0.0207,24,2024-06-04 20:36:21,Em dia,820
LN000936,CLI02471,2326.53,0.0448,12,2024-08-28 08:04:14,Em dia,728
LN000937,CLI02902,26882.56,0.0391,24,2023-09-15 11:12:14,Atrasado,609
LN000938,CLI00662,13834.43,0.0336,48,2023-01-09 08:44:55,Em dia,775
LN000939,CLI02731,3442.01,0.0198,12,2024-10-08 16:22:05,Inadimplente,617
LN000940,CLI02230,3928.32,0.0441,48,2023-07-03 03:19:59,Em dia,640
LN000941,CLI01250,1593.71,0.0532,24,2023-02-05 04:12:53,Atrasado,702
LN000942,CLI00835,4388.72,0.0644,36,2024-04-04 00:34:01,Atrasado,803
LN000943,CLI00350,12076.89,0.0216,12,2024-05-08 22:35:38,Em dia,559
LN000944,CLI02751,3684.44,0.0278,12,2023-09-11 23:35:50,Em dia,708
LN000945,CLI02992,17735.34,0.0404,24,2023-08-02 15:39:13,Em dia,791
LN000946,CLI01407,3723.28,0.0505,36,2023-04-27 11:03:02,Em dia,711
LN000947,CLI02467,54381.05,0.0483,24,2024-07-15 16:28:23,Atrasado,541
LN000948,CLI00285,4804.99,0.0567,12,2024-07-05 04:53:33,Atrasado,734
LN000949,CLI01295,5259.28,0.0558,60,2023-10-28 08:48:41,Atrasado,648
LN000950,CLI01578,12159.69,0.0446,36,2023-10-20 16:15:41,Inadimplente,663
LN000951,CLI01648,7223.37,0.0499,60,2023-10-11 20:47:58,Em dia,627
LN000952,CLI02721,13440.11,0.0268,36,2023-12-25 15:50:49,Em dia,691
LN000953,CLI00019,5807.83,0.0314,12,2024-05-27 00:43:40,Em dia,548
LN000954,CLI00620,10026.78,0.0544,60,2023-04-18 01:02:24,Em dia,593
LN000955,CLI00651,697.41,0.0438,60,2024-03-28 19:48:26,Quitado,692
LN000956,CLI02587,20007.01,0.0381,48,2023-08-19 11:23:06,Inadimplente,617
LN000957,CLI01905,1964.18,0.0221,24,2023-07-26 00:27:21,Em dia,537
LN000958,CLI01268,1661.84,0.0545,12,2024-09-17 06:52:50,Em dia,724
LN000959,CLI02754,21808.94,0.0426,48,2023-04-01 19:21:44,Atrasado,427
LN000960,CLI02561,29502.17,0.0483,24,2024-06-29 14:05:08,Em dia,589
LN000961,CLI01600,8229.21,0.0585,36,2023-08-17 18:33:50,Em dia,748
LN000962,CLI01296,15459.37,0.0326,48,2023-05-09 14:51:55,Inadimplente,506
LN000963,CLI01209,22490.06,0.034,24,2023-06-16 11:50:01,Inadimplente,773
LN000964,CLI00767,6398.71,0.0501,12,2023-05-09 07:34:08,Em dia,483
LN000965,CLI01171,2775.01,0.0248,48,2023-12-30 16:15:40,Em dia,487
LN000966,CLI02907,21379.57,0.0305,60,2024-10-17 16:26:18,Inadimplente,532
LN000967,CLI02487,9636.42,0.0409,60,2023-08-17 05:27:49,Inadimplente,626
LN000968,CLI00089,5071.58,0.0207,48,2023-11-24 19:14:30,Atrasado,644
LN000969,CLI00688,7358.57,0.0495,36,2023-10-23 11:48:14,Atrasado,494
LN000970,CLI02706,14012.98,0.0329,60,2024-10-27 22:00:02,Em dia,707
LN000971,CLI02045,18714.87,0.0634,48,2024-02-05 08:03:53,Quitado,687
LN000972,CLI01923,15352.3,0.0455,24,2023-01-09 00:56:13,Atrasado,475
LN000973,CLI00981,21504.74,0.0515,48,2024-06-11 03:33:55,Em dia,576
LN000974,CLI01316,3558.01,0.0198,48,2024-06-22 18:03:45,Em dia,843
LN000975,CLI00977,116904.55,0.0335,36,2024-08-06 04:28:42,Em dia,584
LN000976,CLI00224,6518.35,0.0612,36,2023-11-07 02:28:32,Quitado,691
LN000977,CLI01523,4689.02,0.0391,36,2024-08-03 21:57:31,Atrasado,527
LN000978,CLI00608,9254.21,0.0532,48,2023-08-31 02:17:33,Inadimplente,610
LN000979,CLI00367,5371.16,0.0405,48,2024-06-09 23:18:13,Quitado,745
LN000980,CLI01660,4589.32,0.0448,36,2024-06-10 17:05:46,Em dia,432
LN000981,CLI00310,5420.0,0.0602,36,2023-07-13 00:01:26,Atrasado,492
LN000982,CLI00053,30507.48,0.0534,60,2023-09-12 10:03:14,Quitado,520
LN000983,CLI02138,8063.65,0.0308,60,2024-07-01 20:10:39,Atrasado,617
LN000984,CLI01607,11439.79,0.0292,60,2024-09-04 17:09:33,Inadimplente,525
LN000985,CLI01460,33349.31,0.0583,36,2024-07-25 18:16:23,Quitado,596
LN000986,CLI01781,9982.88,0.0465,60,2023-07-09 04:17:49,Inadimplente,549
LN000987,CLI00001,2026.02,0.0257,48,2024-04-16 17:21:11,Em dia,832
LN000988,CLI01211,2365.31,0.0492,60,2024-03-30 23:59:35,Quitado,650
LN000989,CLI02335,13637.79,0.0529,36,2024-10-18 14:41:35,Inadimplente,593
LN000990,CLI02490,9862.84,0.0633,48,2023-07-11 21:57:10,Atrasado,580
LN000991,CLI00351,17854.12,0.0262,48,2024-07-28 05:41:57,Em dia,635
LN000992,CLI00853,4593.49,0.0448,48,2023-11-26 03:47:56,Em dia,588
LN000993,CLI01002,21126.63,0.0427,48,2023-01-21 06:32:12,Atrasado,499
LN000994,CLI01224,7559.57,0.0619,12,2024-04-08 03:25:00,Em dia,650
LN000995,CLI02315,5888.52,0.0615,48,2023-01-11 23:15:40,Em dia,739
LN000996,CLI02336,32128.92,0.0386,24,2023-08-16 18:20:15,Em dia,687
LN000997,CLI02139,10457.71,0.0646,60,2023-11-13 09:17:19,Inadimplente,653
LN000998,CLI00655,4568.63,0.0327,24,2024-06-28 00:15:08,Em dia,663
LN000999,CLI02635,13425.24,0.0486,48,2023-12-11 17:44:43,Em dia,813
LN001000,CLI02077,1135.46,0.0296,24,2023-01-17 05:47:06,Quitado,650
LN001001,CLI02609,14432.97,0.0328,36,2023-09-13 21:20:20,Em dia,679
LN001002,CLI01844,8376.36,0.0569,12,2024-07-18 07:41:20,Inadimplente,593
LN001003,CLI01954,2880.24,0.0287,48,2024-04-30 02:55:44,Atrasado,701
LN001004,CLI00985,5381.55,0.0498,24,2024-02-15 16:36:49,Em dia,808
LN001005,CLI01307,12357.74,0.0201,36,2023-06-06 22:30:06,Em dia,570
LN001006,CLI01466,5662.5,0.0297,48,2023-03-07 00:07:51,Em dia,503
LN001007,CLI01064,47309.48,0.0338,60,2024-03-12 06:52:08,Em dia,745
LN001008,CLI02679,3132.23,0.0501,48,2023-10-01 16:02:42,Atrasado,791
LN001009,CLI00197,11344.69,0.0454,12,2024-06-20 06:33:38,Quitado,666
LN001010,CLI00814,4723.68,0.053,24,2024-04-18 05:22:37,Quitado,497
LN001011,CLI00178,1675.38,0.058,24,2024-09-23 12:30:52,Em dia,811
LN001012,CLI00086,8484.96,0.055,36,2024-06-07 12:52:01,Em dia,678
LN001013,CLI01822,18073.26,0.042,36,2024-03-16 21:12:28,Atrasado,488
LN001014,CLI02033,726.01,0.0569,24,2023-10-07 05:20:40,Em dia,933
LN001015,CLI02376,4338.0,0.0641,12,2023-01-02 22:47:29,Quitado,673
LN001016,CLI00358,8149.53,0.0256,36,2024-01-17 01:06:53,Em dia,790
LN001017,CLI00676,5437.03,0.0538,24,2024-02-11 00:43:04,Inadimplente,736
LN001018,CLI02507,14916.75,0.0486,48,2024-04-22 21:51:31,Atrasado,564
LN001019,CLI01032,4875.51,0.0206,36,2023-05-16 23:21:14,Atrasado,433
LN001020,CLI00130,46367.44,0.0313,48,2024-03-17 18:38:24,Em dia,621
LN001021,CLI00347,2909.01,0.0315,36,2023-02-25 00:23:33,Atrasado,719
LN001022,CLI02145,6208.08,0.0372,48,2024-08-02 19:55:02,Em dia,787
LN001023,CLI00008,26711.51,0.0356,60,2023-01-17 05:56:58,Inadimplente,630
LN001024,CLI01111,8004.9,0.0647,24,2023-01-28 00:30:28,Atrasado,489
LN001025,CLI00907,7103.03,0.0598,48,2024-06-08 17:50:37,Atrasado,582
LN001026,CLI02175,1416.27,0.0304,48,2023-05-14 14:06:14,Em dia,748
LN001027,CLI00314,33924.34,0.0565,36,2024-02-02 18:41:12,Em dia,700
LN001028,CLI00390,29644.33,0.0648,12,2024-04-04 12:15:24,Inadimplente,543
LN001029,CLI01784,9526.8,0.0221,24,2023-07-09 11:45:40,Quitado,524
LN001030,CLI01092,18429.22,0.0399,48,2024-09-05 06:07:28,Atrasado,804
LN001031,CLI00433,6576.02,0.0224,12,2024-05-10 12:51:42,Em dia,663
